description,brand,img,currency,price
layered mesh bodysuit,Fendi,https://cdn-images.farfetch-contents.com/16/12/65/83/16126583_30425277_300.jpg,USD,730
1969 nano metal-disc shoulder bag,Paco Rabanne,https://cdn-images.farfetch-contents.com/15/72/25/32/15722532_30407291_300.jpg,USD,760
Razi satin midi skirt ,Nanushka,https://cdn-images.farfetch-contents.com/15/69/47/58/15694758_29029262_300.jpg,USD,445
chain-embellished mules,Versace,https://cdn-images.farfetch-contents.com/15/98/55/65/15985565_30429476_300.jpg,USD,895
latex wrap dress,Saint Laurent,https://cdn-images.farfetch-contents.com/16/09/94/33/16099433_30525405_300.jpg,USD,4290
mini rhinestone crossbody bag,Alexander Wang,https://cdn-images.farfetch-contents.com/16/15/06/58/16150658_0dbaa349-6dff-40cf-afe7-ce0185808b83_300.jpg,USD,495
Kind intarsia-knit jumper,Stella McCartney,https://cdn-images.farfetch-contents.com/15/64/17/54/15641754_30575633_300.jpg,USD,1295
mini Hourglass tote bag,Balenciaga,https://cdn-images.farfetch-contents.com/15/65/38/57/15653857_30428230_300.jpg,USD,890
x Disney cropped bell bottom jeans,Gucci,https://cdn-images.farfetch-contents.com/16/13/62/28/16136228_30548206_300.jpg,USD,890
chain-link appliqué slingback pumps,Saint Laurent,https://cdn-images.farfetch-contents.com/15/43/96/60/15439660_30531078_300.jpg,USD,875
feather trim blazer mini dress,The Attico,https://cdn-images.farfetch-contents.com/15/67/31/04/15673104_30575960_300.jpg,USD,2344
1961 18kt yellow gold Present Day diamond ring,Cartier,https://cdn-images.farfetch-contents.com/16/09/71/05/16097105_30464264_300.jpg,USD,26868
belted leather coat,LOEWE,https://cdn-images.farfetch-contents.com/16/10/97/57/16109757_30586024_300.jpg,USD,4200
Eshe hiker-style flat boots,Jimmy Choo,https://cdn-images.farfetch-contents.com/16/05/09/28/16050928_30345257_300.jpg,USD,995
Twisted Seam straight leg jeans,Totême,https://cdn-images.farfetch-contents.com/16/13/90/26/16139026_30532525_300.jpg,USD,266
18kt white gold Arpeggia diamond one row ring,De Beers,https://cdn-images.farfetch-contents.com/16/06/07/62/16060762_30102041_300.jpg,USD,8150
Inagua patchwork-print maxi dress,Silvia Tcherassi,https://cdn-images.farfetch-contents.com/15/75/21/78/15752178_30554189_300.jpg,USD,2786
Cassette crossbody bag,Bottega Veneta,https://cdn-images.farfetch-contents.com/16/15/81/94/16158194_30590267_300.jpg,USD,2800
Rendy one-shoulder top,Roland Mouret,https://cdn-images.farfetch-contents.com/15/70/24/92/15702492_30551102_300.jpg,USD,1374
Jewel leather moccasins,GANNI,https://cdn-images.farfetch-contents.com/16/10/46/55/16104655_30500790_300.jpg,USD,375
plaid flared skirt,Rosie Assoulin,https://cdn-images.farfetch-contents.com/15/38/08/18/15380818_30534978_300.jpg,USD,1495
Holly 105mm knee-high boots,Paris Texas,https://cdn-images.farfetch-contents.com/15/63/31/23/15633123_30536566_300.jpg,USD,1820
sequin embellished dress,ROTATE,https://cdn-images.farfetch-contents.com/16/13/34/57/16133457_30535209_300.jpg,USD,364
18kt rose gold chain-link diamond earrings,SHAY,https://cdn-images.farfetch-contents.com/15/79/03/81/15790381_30561248_300.jpg,USD,2317
single-breasted houndstooth jacket,Chloé,https://cdn-images.farfetch-contents.com/16/16/00/17/16160017_30579149_300.jpg,USD,2506
curved leather shoulder bag,Wandler,https://cdn-images.farfetch-contents.com/16/15/80/93/16158093_f5ed778e-8901-45ab-ac6c-c5fa4af13e13_300.jpg,USD,608
high-rise cropped jeans,Isabel Marant Étoile,https://cdn-images.farfetch-contents.com/16/15/01/97/16150197_30585463_300.jpg,USD,285
14kt yellow gold moonstone diamond earring,Jacquie Aiche,https://cdn-images.farfetch-contents.com/15/41/32/14/15413214_30561885_300.jpg,USD,1052
fitted leather short dress,Alexander Wang,https://cdn-images.farfetch-contents.com/16/15/15/45/16151545_5873169f-697d-4f47-aab3-74ce5be2cf71_300.jpg,USD,1660
3.32 50mm leather sandals,Studio Amelia,https://cdn-images.farfetch-contents.com/15/64/66/66/15646666_30533931_300.jpg,USD,354
concealed fastening blazer,Brunello Cucinelli,https://cdn-images.farfetch-contents.com/16/07/62/28/16076228_30560783_300.jpg,USD,3695
Pita baguette shoulder bag,Manu Atelier,https://cdn-images.farfetch-contents.com/15/96/25/48/15962548_30536078_300.jpg,USD,435
ripped detail cropped jeans,RE/DONE,https://cdn-images.farfetch-contents.com/16/05/54/83/16055483_30583656_300.jpg,USD,360
10kt gold Chroma opal ring,Sarah & Sebastian,https://cdn-images.farfetch-contents.com/16/10/62/14/16106214_30458597_300.jpg,USD,614
multi-panel handkerchief-hem silk dress,Zimmermann,https://cdn-images.farfetch-contents.com/16/12/22/62/16122262_18ccd5c5-338f-44da-adc3-d6bd11f582ef_300.jpg,USD,1723
The Mini Pouch leather bag,Bottega Veneta,https://cdn-images.farfetch-contents.com/16/14/77/52/16147752_a7a95552-e0ad-4698-8065-8db70124d3fe_300.jpg,USD,1490
fine knit roll-neck jumper,Totême,https://cdn-images.farfetch-contents.com/16/14/55/47/16145547_30545829_300.jpg,USD,230
Mama 95mm python-print knee-high boots,Paris Texas,https://cdn-images.farfetch-contents.com/15/63/31/22/15633122_30538486_300.jpg,USD,747
Norbury distressed denim skirt,R13,https://cdn-images.farfetch-contents.com/16/12/82/24/16128224_30494531_300.jpg,USD,609
The Crisscross leather clutch bag,Bottega Veneta,https://cdn-images.farfetch-contents.com/16/14/56/69/16145669_30496460_300.jpg,USD,2800
Spokelam lamé-effect tiered maxi dress,The Vampire's Wife,https://cdn-images.farfetch-contents.com/15/42/96/80/15429680_30553698_300.jpg,USD,2158
Karma python-print pumps,Amina Muaddi,https://cdn-images.farfetch-contents.com/16/09/60/56/16096056_30526063_300.jpg,USD,753
ruffle-detail short-sleeve blouse,Brunello Cucinelli,https://cdn-images.farfetch-contents.com/16/14/15/39/16141539_dab16de1-67b5-484b-9f70-9ec5e750065a_300.jpg,USD,1402
polished Tabi loafers,Maison Margiela,https://cdn-images.farfetch-contents.com/16/14/87/87/16148787_30573523_300.jpg,USD,950
patchwork lambskin skirt,Miu Miu,https://cdn-images.farfetch-contents.com/16/15/05/60/16150560_30550932_300.jpg,USD,5320
Intrecciato belt bag,Bottega Veneta,https://cdn-images.farfetch-contents.com/16/14/56/26/16145626_30587983_300.jpg,USD,1250
Valextra embroidered mini dress,Silvia Tcherassi,https://cdn-images.farfetch-contents.com/15/75/10/85/15751085_30538515_300.jpg,USD,1027
Fussbett criss-cross sandals,Marni,https://cdn-images.farfetch-contents.com/15/65/58/37/15655837_28553433_300.jpg,USD,750
geometric-print fringed cardigan,Alanui,https://cdn-images.farfetch-contents.com/16/13/72/24/16137224_30447467_300.jpg,USD,2655
18kt yellow gold beaded diamond bracelet,Gigi Clozeau,https://cdn-images.farfetch-contents.com/15/96/68/78/15966878_30495997_300.jpg,USD,550
Twisted Seam straight leg jeans,Totême,https://cdn-images.farfetch-contents.com/16/13/83/33/16138333_30530906_300.jpg,USD,266
Lupita sculpted-heel sandals,Amina Muaddi,https://cdn-images.farfetch-contents.com/16/09/40/08/16094008_30525340_300.jpg,USD,602
Jude floral-print silk maxi dress,Erdem,https://cdn-images.farfetch-contents.com/15/62/53/60/15625360_30560465_300.jpg,USD,2584
heart-motif crystal drop earrings,Mondo Mondo,https://cdn-images.farfetch-contents.com/16/09/00/78/16090078_30563456_300.jpg,USD,439
logo-print gathered T-shirt,Paco Rabanne,https://cdn-images.farfetch-contents.com/16/14/74/49/16147449_30527809_300.jpg,USD,243
The Mini Pouch Intrecciato bag,Bottega Veneta,https://cdn-images.farfetch-contents.com/16/14/58/48/16145848_fe8fb7aa-a83c-4550-ae9e-604870cc87ac_300.jpg,USD,1580
sequin-embellished shorts,ROTATE,https://cdn-images.farfetch-contents.com/16/13/34/58/16133458_30535217_300.jpg,USD,210
18kt yellow gold enamel diamond charm,Foundrae,https://cdn-images.farfetch-contents.com/14/49/96/81/14499681_30410109_300.jpg,USD,903
Juliette floral midi dress,Rixo,https://cdn-images.farfetch-contents.com/16/11/48/15/16114815_30426532_300.jpg,USD,373
matelassé-effect crossbody bag,Miu Miu,https://cdn-images.farfetch-contents.com/16/15/15/39/16151539_30563116_300.jpg,USD,1690
vertical-stripe pyjama top,GANNI,https://cdn-images.farfetch-contents.com/15/96/37/12/15963712_30176453_300.jpg,USD,183
monili slingback-strap sandals,Brunello Cucinelli,https://cdn-images.farfetch-contents.com/16/00/18/27/16001827_29967618_300.jpg,USD,795
vertical-stripe pyjama trousers,GANNI,https://cdn-images.farfetch-contents.com/15/96/66/15/15966615_30199168_300.jpg,USD,151
studded four ring clutch bag,Alexander McQueen,https://cdn-images.farfetch-contents.com/16/11/74/93/16117493_30532680_300.jpg,USD,2490
Alma Crystal pleated mini dress,Maria Lucia Hohan,https://cdn-images.farfetch-contents.com/16/01/84/94/16018494_30526955_300.jpg,USD,1283
18kt white gold Arpeggia diamond pendant necklace,De Beers,https://cdn-images.farfetch-contents.com/16/06/07/64/16060764_30100514_300.jpg,USD,4700
stripe knit jumper,Isabel Marant Étoile,https://cdn-images.farfetch-contents.com/16/15/17/62/16151762_30558761_300.jpg,USD,560
knitted cropped top,Khaite,https://cdn-images.farfetch-contents.com/15/57/45/03/15574503_29977726_300.jpg,USD,520
distressed detail jeans,RE/DONE,https://cdn-images.farfetch-contents.com/16/11/47/67/16114767_30544995_300.jpg,USD,336
Phinia 55mm square-toe gathered pumps,NEOUS,https://cdn-images.farfetch-contents.com/15/69/61/98/15696198_30538549_300.jpg,USD,560
belted trench coat,WARDROBE.NYC,https://cdn-images.farfetch-contents.com/15/51/70/76/15517076_30535530_300.jpg,USD,1615
Pita baguette shoulder bag,Manu Atelier,https://cdn-images.farfetch-contents.com/15/96/25/28/15962528_30533933_300.jpg,USD,435
elephant-print valet tray,ETRO HOME,https://cdn-images.farfetch-contents.com/16/15/74/33/16157433_30587069_300.jpg,USD,180
Concha valet tray (42cm),AYTM,https://cdn-images.farfetch-contents.com/16/10/09/62/16100962_30370629_300.jpg,USD,231
pre-owned geometric-shaped candle holder,Hermès,https://cdn-images.farfetch-contents.com/16/10/74/22/16107422_30529719_300.jpg,USD,693
18kt yellow gold brilliant cut diamond Tiara pendant,Pragnell,https://cdn-images.farfetch-contents.com/16/12/06/21/16120621_30394124_300.jpg,USD,3554
Mrs. Loren stripe dress,Taller Marmo,https://cdn-images.farfetch-contents.com/15/72/18/41/15721841_30577713_300.jpg,USD,2122
Heze buckle-detail mules,NEOUS,https://cdn-images.farfetch-contents.com/15/69/74/05/15697405_30538281_300.jpg,USD,495
wrapped-front jacket,Balmain,https://cdn-images.farfetch-contents.com/16/12/95/04/16129504_30534073_300.jpg,USD,3180
Jumel 80mm square-toe thong mules,NEOUS,https://cdn-images.farfetch-contents.com/15/69/62/41/15696241_30539039_300.jpg,USD,535
leather skinny-fit trousers,Balmain,https://cdn-images.farfetch-contents.com/16/12/85/50/16128550_30547004_300.jpg,USD,1904
Sofi square-frame sunglasses,Tom Ford Eyewear,https://cdn-images.farfetch-contents.com/16/13/36/60/16133660_30473610_300.jpg,USD,438
glittered one-shoulder one-piece,Oséree,https://cdn-images.farfetch-contents.com/16/07/66/16/16076616_30281092_300.jpg,USD,220
twist front flat sandals ,Studio Amelia,https://cdn-images.farfetch-contents.com/16/12/74/71/16127471_30451715_300.jpg,USD,269
Topstitched sports bra,Fantabody,https://cdn-images.farfetch-contents.com/15/73/13/84/15731384_30538550_300.jpg,USD,98
Untitled Open low-top sneakers,Valentino Garavani,https://cdn-images.farfetch-contents.com/14/07/33/87/14073387_18816112_300.jpg,USD,795
topstitch-detail performance leggings,Fantabody,https://cdn-images.farfetch-contents.com/15/73/22/18/15732218_30538491_300.jpg,USD,164
knee-length wedge boots ,Dorothee Schumacher,https://cdn-images.farfetch-contents.com/16/14/15/01/16141501_30483153_300.jpg,USD,850
jacquard panel scarf-style poncho,Lauren Manoogian,https://cdn-images.farfetch-contents.com/15/69/24/86/15692486_30528853_300.jpg,USD,747
ribbon band straw fedora,Maison Michel,https://cdn-images.farfetch-contents.com/16/08/36/63/16083663_30525146_300.jpg,USD,770
pre-owned embossed logo plate,Christian Dior,https://cdn-images.farfetch-contents.com/16/10/74/30/16107430_30560781_300.jpg,USD,777
Venere frayed cushion,Missoni Home,https://cdn-images.farfetch-contents.com/15/89/74/17/15897417_29876690_300.jpg,USD,222
crocodile embossed lace-up flat sandals,Chloé,https://cdn-images.farfetch-contents.com/15/85/13/93/15851393_30345177_300.jpg,USD,734
x Browns 50 Regitze floral-print sheer midi dress,Cecilie Bahnsen,https://cdn-images.farfetch-contents.com/15/36/85/48/15368548_29711162_300.jpg,USD,2678
knot-detail debossed-logo shoulder bag,LOEWE,https://cdn-images.farfetch-contents.com/16/12/96/59/16129659_bcd7f855-4394-4bb1-891b-e000a4aee5bb_300.jpg,USD,2250
ribbed-knit cropped cardigan,GANNI,https://cdn-images.farfetch-contents.com/16/11/97/70/16119770_30460975_300.jpg,USD,325
fleece knit beret,Lauren Manoogian,https://cdn-images.farfetch-contents.com/15/69/21/33/15692133_30530779_300.jpg,USD,196
high-waist pleat detail trousers,Brunello Cucinelli,https://cdn-images.farfetch-contents.com/16/07/80/66/16078066_30533247_300.jpg,USD,1245
pre-owned Rasta Saddle shoulder bag,Christian Dior,https://cdn-images.farfetch-contents.com/16/10/74/10/16107410_30529694_300.jpg,USD,2587
Farrah sleeveless dress,Alexis,https://cdn-images.farfetch-contents.com/16/08/50/98/16085098_30384857_300.jpg,USD,485
18kt rose gold thin band ring,Repossi,https://cdn-images.farfetch-contents.com/16/02/33/27/16023327_30286479_300.jpg,USD,583
turtle neck jumper,Totême,https://cdn-images.farfetch-contents.com/16/14/25/63/16142563_30456800_300.jpg,USD,350
Wifi shoulder bag ,Coperni,https://cdn-images.farfetch-contents.com/15/95/09/62/15950962_30173630_300.jpg,USD,689
raffia belt pleated skirt,Brunello Cucinelli,https://cdn-images.farfetch-contents.com/16/10/57/33/16105733_7e830158-226f-4377-a3b9-165f327ca650_300.jpg,USD,2195
slingback loafers,Jil Sander,https://cdn-images.farfetch-contents.com/16/01/67/63/16016763_30567469_300.jpg,USD,670
abstract pattern print dress,Zimmermann,https://cdn-images.farfetch-contents.com/16/13/04/26/16130426_30550362_300.jpg,USD,603
Amber crocodile-embossed shoulder bag,BY FAR,https://cdn-images.farfetch-contents.com/16/10/88/24/16108824_18b29449-8d04-4c6c-bdd2-dbd1fba4fb42_300.jpg,USD,681
Java cropped top,GAUGE81,https://cdn-images.farfetch-contents.com/15/99/41/47/15994147_30547665_300.jpg,USD,170
18kt white gold 8mm single short opal spike diamond Eternity clicker earring,Maria Tash,https://cdn-images.farfetch-contents.com/16/05/30/36/16053036_30552561_300.jpg,USD,590
Tulua mini skirt,GAUGE81,https://cdn-images.farfetch-contents.com/15/99/50/10/15995010_30547605_300.jpg,USD,314
leather slingback sandals,Studio Amelia,https://cdn-images.farfetch-contents.com/16/13/69/49/16136949_30473215_300.jpg,USD,336
Cybele halter neck pleated dress,Maria Lucia Hohan,https://cdn-images.farfetch-contents.com/16/01/84/95/16018495_30527820_300.jpg,USD,1292
Pixel crossbody bag,Paco Rabanne,https://cdn-images.farfetch-contents.com/16/14/55/81/16145581_30577517_300.jpg,USD,1238
tie-waist blazer,Brunello Cucinelli,https://cdn-images.farfetch-contents.com/16/12/78/79/16127879_30530895_300.jpg,USD,4410
pre-owned perforated bucket shoulder bag,Hermès,https://cdn-images.farfetch-contents.com/16/10/74/26/16107426_30531940_300.jpg,USD,2054
mid-rise flared jeans ,Veronica Beard,https://cdn-images.farfetch-contents.com/16/06/11/28/16061128_30461285_300.jpg,USD,348
Raqui 105mm leather sandals,Manolo Blahnik,https://cdn-images.farfetch-contents.com/15/36/85/73/15368573_30525895_300.jpg,USD,900
Theia strapless pleated gown,Maria Lucia Hohan,https://cdn-images.farfetch-contents.com/16/01/84/96/16018496_30528962_300.jpg,USD,1905
18kt yellow gold beaded diamond bracelet,Gigi Clozeau,https://cdn-images.farfetch-contents.com/15/96/68/75/15966875_30488985_300.jpg,USD,815
metallic sheen swimsuit,Oséree,https://cdn-images.farfetch-contents.com/15/57/95/31/15579531_30560167_300.jpg,USD,301
aviator frame sunglasses,Linda Farrow,https://cdn-images.farfetch-contents.com/16/05/63/40/16056340_30069290_300.jpg,USD,995
belted ruffled plaid skirt,Balmain,https://cdn-images.farfetch-contents.com/15/70/02/84/15700284_30380144_300.jpg,USD,1650
18kt yellow gold RockChic diamond solitaire necklace,Pragnell,https://cdn-images.farfetch-contents.com/16/12/06/35/16120635_30393599_300.jpg,USD,2203
The Love dress,Marc Jacobs,https://cdn-images.farfetch-contents.com/15/97/11/24/15971124_30317457_300.jpg,USD,450
Woody lace sandals,Chloé,https://cdn-images.farfetch-contents.com/16/15/17/56/16151756_30572748_300.jpg,USD,342
pyramid shoulders high neck scarf,Lauren Manoogian,https://cdn-images.farfetch-contents.com/15/69/24/87/15692487_30537080_300.jpg,USD,327
The Story leather shoulder bag,Alexander McQueen,https://cdn-images.farfetch-contents.com/16/14/31/18/16143118_d7455295-3ab0-48bb-9967-fbb51637f840_300.jpg,USD,1790
floral-print silk maxi skirt,Rixo,https://cdn-images.farfetch-contents.com/16/12/96/55/16129655_30439719_300.jpg,USD,282
monili embellished strappy sandals,Brunello Cucinelli,https://cdn-images.farfetch-contents.com/16/00/18/23/16001823_29969035_300.jpg,USD,995
sequin check dress,ROTATE,https://cdn-images.farfetch-contents.com/16/13/34/56/16133456_30534080_300.jpg,USD,386
The Clip shoulder bag,Bottega Veneta,https://cdn-images.farfetch-contents.com/16/14/58/47/16145847_a9119656-5df0-443e-af8e-08fcb5524c7f_300.jpg,USD,3100
sequin-detail sweatshirt,Golden Goose,https://cdn-images.farfetch-contents.com/16/13/09/11/16130911_1837e723-f8ea-4f65-8158-ed09bb55c919_300.jpg,USD,269
X paria /FARZANEH Pro Leather X2 boots,Converse,https://cdn-images.farfetch-contents.com/16/17/08/21/16170821_30537393_300.jpg,USD,157
tailored shorts,Acne Studios,https://cdn-images.farfetch-contents.com/16/02/78/91/16027891_30523863_300.jpg,USD,360
Lurum 90mm crystal-embellished mules,Manolo Blahnik,https://cdn-images.farfetch-contents.com/16/11/65/71/16116571_30437567_300.jpg,USD,1842
crystal-embellished tube midi dress,AREA,https://cdn-images.farfetch-contents.com/15/47/06/17/15470617_30553670_300.jpg,USD,895
baroque pearl necklace,Brinker & Eliza,https://cdn-images.farfetch-contents.com/16/01/80/12/16018012_30527215_300.jpg,USD,236
x Ken Scott floral velvet blazer,Gucci,https://cdn-images.farfetch-contents.com/16/06/83/88/16068388_30052824_300.jpg,USD,4200
pre-owned Allston shoulder bag,Louis Vuitton,https://cdn-images.farfetch-contents.com/15/98/81/94/15988194_30486500_300.jpg,USD,995
Savanna flared trousers,GAUGE81,https://cdn-images.farfetch-contents.com/15/99/54/77/15995477_30586238_300.jpg,USD,354
single-breasted blazer,Acne Studios,https://cdn-images.farfetch-contents.com/16/02/79/02/16027902_30367199_300.jpg,USD,800
Cassette Intrecciato belt bag,Bottega Veneta,https://cdn-images.farfetch-contents.com/16/10/77/91/16107791_8a368bd5-a1fe-46a9-bc36-43cb516941bf_300.jpg,USD,1250
mid-rise flared denim jeans,Totême,https://cdn-images.farfetch-contents.com/16/14/55/53/16145553_30544953_300.jpg,USD,241
medium Rachel crocodile-effect bag,BY FAR,https://cdn-images.farfetch-contents.com/16/07/98/33/16079833_30301352_300.jpg,USD,405
cropped cashmere cardigan,Magda Butrym,https://cdn-images.farfetch-contents.com/15/47/99/76/15479976_30532207_300.jpg,USD,1643
logo-embroidered tote bag,JW Anderson,https://cdn-images.farfetch-contents.com/15/73/59/84/15735984_29731705_300.jpg,USD,530
leopard-print A-line mini skirt,GANNI,https://cdn-images.farfetch-contents.com/16/10/35/47/16103547_30334016_300.jpg,USD,205
crystal-embellished small hoop earrings,Brinker & Eliza,https://cdn-images.farfetch-contents.com/16/01/75/08/16017508_30526315_300.jpg,USD,131
Lola broderie anglaise midi dress,Ulla Johnson,https://cdn-images.farfetch-contents.com/15/65/83/99/15658399_30531079_300.jpg,USD,779
cross front strap sandals ,Studio Amelia,https://cdn-images.farfetch-contents.com/16/12/74/70/16127470_30451712_300.jpg,USD,258
zip-up merino wool top,Perfect Moment,https://cdn-images.farfetch-contents.com/15/48/99/67/15489967_27765176_300.jpg,USD,340
HU NMD sneakers,adidas,https://cdn-images.farfetch-contents.com/15/76/39/41/15763941_30402541_300.jpg,USD,236
combat boots,Ann Demeulemeester,https://cdn-images.farfetch-contents.com/13/98/40/20/13984020_21708770_300.jpg,USD,750
patchwork design faux-fur coat,Stella McCartney,https://cdn-images.farfetch-contents.com/15/63/77/35/15637735_30457470_300.jpg,USD,2595
Becky quilted mini bag,Saint Laurent,https://cdn-images.farfetch-contents.com/16/12/65/37/16126537_5e224ec0-299a-4b1a-b4d7-e2c2c9ff2486_300.jpg,USD,1250
large logo embossed tote bag,Alexander McQueen,https://cdn-images.farfetch-contents.com/16/09/91/32/16099132_30291438_300.jpg,USD,1150
tweed pencil skirt ,Prada,https://cdn-images.farfetch-contents.com/15/95/50/64/15955064_29514651_300.jpg,USD,1350
Aylah over-the-knee boots,Saint Laurent,https://cdn-images.farfetch-contents.com/15/29/98/72/15299872_29649744_300.jpg,USD,1995
leopard print mini dress,Balmain,https://cdn-images.farfetch-contents.com/15/57/30/15/15573015_29622088_300.jpg,USD,1981
1961 pre-owned 18kt yellow gold Gypsy three-stone ring,Cartier,https://cdn-images.farfetch-contents.com/16/09/71/07/16097107_30460482_300.jpg,USD,4691
belted padded coat,Acne Studios,https://cdn-images.farfetch-contents.com/15/50/12/07/15501207_29261750_300.jpg,USD,1050
stripe-pattern logo-patch scarf,LOEWE,https://cdn-images.farfetch-contents.com/16/14/49/09/16144909_30576580_300.jpg,USD,1950
embroidered logo soccer pants,Balenciaga,https://cdn-images.farfetch-contents.com/15/65/39/35/15653935_29937894_300.jpg,USD,995
belted double-breasted trench coat,WARDROBE.NYC,https://cdn-images.farfetch-contents.com/15/51/70/74/15517074_30531125_300.jpg,USD,1615
crocodile-effect leather briefcase,Saint Laurent,https://cdn-images.farfetch-contents.com/15/22/23/25/15222325_30466737_300.jpg,USD,1790
intarsia dog-pattern wool jumper,Acne Studios,https://cdn-images.farfetch-contents.com/15/49/83/00/15498300_28980390_300.jpg,USD,700
chain loafer mules,JW Anderson,https://cdn-images.farfetch-contents.com/16/13/55/49/16135549_30463636_300.jpg,USD,573
floral-embroidered crystal-embellished skirt,Miu Miu,https://cdn-images.farfetch-contents.com/16/15/13/87/16151387_30548840_300.jpg,USD,4030
Arco Intrecciato tote bag,Bottega Veneta,https://cdn-images.farfetch-contents.com/16/10/77/82/16107782_4afc6c56-1947-4a41-ba63-b8f97e298e1e_300.jpg,USD,2950
houndstooth buttoned coat,Gucci,https://cdn-images.farfetch-contents.com/16/08/16/44/16081644_30486558_300.jpg,USD,3980
rolled trim knit scarf,Lauren Manoogian,https://cdn-images.farfetch-contents.com/15/69/24/88/15692488_30531720_300.jpg,USD,380
x Browns 50 Karina matelassé single-breasted blazer,Cecilie Bahnsen,https://cdn-images.farfetch-contents.com/15/36/55/89/15365589_29706906_300.jpg,USD,1698
Fantasia 100mm sandals,Piferi,https://cdn-images.farfetch-contents.com/16/11/50/57/16115057_30560152_300.jpg,USD,779
x Browns 50 Mille matelassé tailored shorts,Cecilie Bahnsen,https://cdn-images.farfetch-contents.com/15/36/83/20/15368320_29711511_300.jpg,USD,688
14K yellow gold Baby Lock charm,Marla Aaron,https://cdn-images.farfetch-contents.com/15/61/80/78/15618078_30525630_300.jpg,USD,458
floral-print asymmetric dress,Off-White,https://cdn-images.farfetch-contents.com/16/13/38/29/16133829_30453579_300.jpg,USD,975
small Kaia crossbody bag,Saint Laurent,https://cdn-images.farfetch-contents.com/16/12/65/39/16126539_32888d60-97e6-47ac-82be-3374639ca59f_300.jpg,USD,1690
baroco-print tablecloth,Versace Home,https://cdn-images.farfetch-contents.com/16/12/49/98/16124998_30463081_300.jpg,USD,1725
logo print cushion,Versace Home,https://cdn-images.farfetch-contents.com/16/12/49/93/16124993_30463067_300.jpg,USD,395
Swirl Stepped bookends set,Tom Dixon,https://cdn-images.farfetch-contents.com/16/04/69/89/16046989_30149671_300.jpg,USD,295
Rockstud crossbody bag,Valentino Garavani,https://cdn-images.farfetch-contents.com/16/09/22/15/16092215_30460935_300.jpg,USD,2375
technical cotton belted trench coat,Burberry,https://cdn-images.farfetch-contents.com/15/79/05/79/15790579_29025922_300.jpg,USD,2550
leopard print square-toe boots,Jimmy Choo,https://cdn-images.farfetch-contents.com/15/68/93/70/15689370_29119014_300.jpg,USD,1838
single-breasted blazer jacket,Totême,https://cdn-images.farfetch-contents.com/16/14/55/43/16145543_30532804_300.jpg,USD,589
leopard-print knitted leggings,Balmain,https://cdn-images.farfetch-contents.com/15/57/30/13/15573013_29866573_300.jpg,USD,1410
leopard-print cropped top,Balmain,https://cdn-images.farfetch-contents.com/15/56/97/46/15569746_29337211_300.jpg,USD,1374
Phinia knit ballerina shoes,NEOUS,https://cdn-images.farfetch-contents.com/15/69/66/41/15696641_30494509_300.jpg,USD,515
Ranger A-line checked midi dress,St. Agni,https://cdn-images.farfetch-contents.com/15/64/17/62/15641762_30527193_300.jpg,USD,308
twist hoop earrings,Bottega Veneta,https://cdn-images.farfetch-contents.com/16/13/00/51/16130051_30453946_300.jpg,USD,580
quilted nylon canvas field jacket,Burberry,https://cdn-images.farfetch-contents.com/15/97/89/98/15978998_30353128_300.jpg,USD,990
spike stud ballerina shoes,Alexander McQueen,https://cdn-images.farfetch-contents.com/16/13/55/12/16135512_30474277_300.jpg,USD,730
high-waisted faded straight-leg jeans,LOEWE,https://cdn-images.farfetch-contents.com/16/09/01/59/16090159_30376991_300.jpg,USD,690
oversized tinted sunglasses,Givenchy Eyewear,https://cdn-images.farfetch-contents.com/15/90/14/80/15901480_29737419_300.jpg,USD,301
metallic sheen bikini set,Oséree,https://cdn-images.farfetch-contents.com/15/57/95/26/15579526_30550287_300.jpg,USD,216
beaded gemstone necklace,Brinker & Eliza,https://cdn-images.farfetch-contents.com/16/01/75/14/16017514_30524782_300.jpg,USD,269
pompom detail ribbed merino jumper,JW Anderson,https://cdn-images.farfetch-contents.com/15/76/65/38/15766538_30095883_300.jpg,USD,540
knot-detail debossed-logo crossbody bag,LOEWE,https://cdn-images.farfetch-contents.com/16/12/87/15/16128715_e0631843-9c57-4ba2-bb98-9f2c175c171a_300.jpg,USD,1500
checked straight-leg trousers,Rosie Assoulin,https://cdn-images.farfetch-contents.com/15/38/07/70/15380770_30563033_300.jpg,USD,895
Oversized Court sneakers,Alexander McQueen,https://cdn-images.farfetch-contents.com/16/07/37/00/16073700_30274167_300.jpg,USD,490
contrast stitching belted trench coat,JW Anderson,https://cdn-images.farfetch-contents.com/16/04/05/68/16040568_30274206_300.jpg,USD,2190
The Soft Box 23 bag,Marc Jacobs,https://cdn-images.farfetch-contents.com/15/96/77/16/15967716_30317431_300.jpg,USD,395
long-sleeve cotton pyjama shirt,TEKLA,https://cdn-images.farfetch-contents.com/16/07/95/23/16079523_30434648_300.jpg,USD,183
horsebit-detail ankle boots,Gucci,https://cdn-images.farfetch-contents.com/15/56/38/61/15563861_27902061_300.jpg,USD,950
straight-leg cotton pyjama trousers,TEKLA,https://cdn-images.farfetch-contents.com/16/07/95/09/16079509_30432892_300.jpg,USD,157
Anima sunglasses,Givenchy Eyewear,https://cdn-images.farfetch-contents.com/16/00/90/53/16009053_29818257_300.jpg,USD,348
FF-logo lining bikini set,Fendi,https://cdn-images.farfetch-contents.com/15/58/54/42/15585442_30563553_300.jpg,USD,550
Barocco Mosaic-print silk cap,Versace,https://cdn-images.farfetch-contents.com/15/99/08/00/15990800_30318309_300.jpg,USD,625
oversized-frame sunglasses,Chloé Eyewear,https://cdn-images.farfetch-contents.com/15/87/78/43/15877843_29432434_300.jpg,USD,386
cut-out swimsuit,Zimmermann,https://cdn-images.farfetch-contents.com/16/13/10/73/16131073_30447691_300.jpg,USD,348
45mm leather Western boots,Gianvito Rossi,https://cdn-images.farfetch-contents.com/15/63/31/06/15633106_30462550_300.jpg,USD,1695
multi-panel asymmetric cotton dress,JW Anderson,https://cdn-images.farfetch-contents.com/16/04/05/69/16040569_30274208_300.jpg,USD,1450
Rockstud crossbody bag,Valentino Garavani,https://cdn-images.farfetch-contents.com/15/72/21/49/15722149_30510537_300.jpg,USD,1314
shoulder pad logo print T-shirt,Off-White,https://cdn-images.farfetch-contents.com/15/65/41/46/15654146_30550288_300.jpg,USD,415
105mm leather mesh mules,Gianvito Rossi,https://cdn-images.farfetch-contents.com/15/76/38/98/15763898_30497247_300.jpg,USD,645
cut-out baggy jeans,Off-White,https://cdn-images.farfetch-contents.com/16/05/01/42/16050142_1f406111-69e1-4f98-ace9-9840b310cf55_300.jpg,USD,755
heart pendant gemstone necklace,Brinker & Eliza,https://cdn-images.farfetch-contents.com/16/01/75/12/16017512_30526275_300.jpg,USD,183
patchwork denim cape dress,Saint Laurent,https://cdn-images.farfetch-contents.com/15/90/70/62/15907062_30380355_300.jpg,USD,4990
Beca 45mm snake-print boots,Jimmy Choo,https://cdn-images.farfetch-contents.com/15/68/93/74/15689374_29074448_300.jpg,USD,1163
Greca-pattern bikini top,Versace,https://cdn-images.farfetch-contents.com/16/11/85/00/16118500_30402538_300.jpg,USD,225
eyelet-detail buckle-fastening sandals,Alexander McQueen,https://cdn-images.farfetch-contents.com/16/12/89/40/16128940_30491613_300.jpg,USD,590
high-waisted bikini bottoms,Versace,https://cdn-images.farfetch-contents.com/16/11/84/96/16118496_30400538_300.jpg,USD,175
10kt yellow gold circular diamond and opal stud earrings,WWAKE,https://cdn-images.farfetch-contents.com/16/04/00/27/16040027_30354399_300.jpg,USD,466
notched-lapels doublebreasted coat,Burberry,https://cdn-images.farfetch-contents.com/16/10/43/58/16104358_30289555_300.jpg,USD,2850
Purestar glitter detail sneakers,Golden Goose,https://cdn-images.farfetch-contents.com/15/69/62/17/15696217_30496344_300.jpg,USD,530
long-sleeve logo detail T-shirt,Fendi,https://cdn-images.farfetch-contents.com/15/74/25/94/15742594_30492541_300.jpg,USD,918
mini Baguette crossbody bag,Fendi,https://cdn-images.farfetch-contents.com/16/12/65/63/16126563_4692918b-3704-4d7a-9427-bc3270b182de_300.jpg,USD,2100
high-waisted ombré denim skirt,Off-White,https://cdn-images.farfetch-contents.com/16/15/25/25/16152525_30544289_300.jpg,USD,575
18kt white gold Classic South Sea pearl and diamond earrings,Yoko London,https://cdn-images.farfetch-contents.com/15/66/68/86/15666886_29800783_300.jpg,USD,2346
tiered floral-lace gown,Carolina Herrera,https://cdn-images.farfetch-contents.com/15/59/50/31/15595031_28391907_300.jpg,USD,11990
Devotion chain-detail pumps,Dolce & Gabbana,https://cdn-images.farfetch-contents.com/15/84/18/19/15841819_30419274_300.jpg,USD,1195
ruffled feather-embellished blouse,Susan Fang,https://cdn-images.farfetch-contents.com/15/65/39/88/15653988_30564155_300.jpg,USD,1201
Metropolis open-toe sandals,Gianvito Rossi,https://cdn-images.farfetch-contents.com/16/11/21/67/16112167_30424707_300.jpg,USD,775
Robyn python print trousers,ROTATE,https://cdn-images.farfetch-contents.com/16/11/93/26/16119326_30437545_300.jpg,USD,220
rib-knit beanie hat,GANNI,https://cdn-images.farfetch-contents.com/16/10/26/78/16102678_30328636_300.jpg,USD,105
chain-detail tweed dress,Balmain,https://cdn-images.farfetch-contents.com/15/70/97/64/15709764_29310000_300.jpg,USD,3750
embellished 95mm mules,Paris Texas,https://cdn-images.farfetch-contents.com/15/42/60/64/15426064_29160183_300.jpg,USD,439
belted wrap mini skirt,WARDROBE.NYC,https://cdn-images.farfetch-contents.com/15/51/44/79/15514479_30563035_300.jpg,USD,648
x Browns 50 Katrine lily-stripe midi dress,Cecilie Bahnsen,https://cdn-images.farfetch-contents.com/15/36/85/00/15368500_29713772_300.jpg,USD,4590
Carre textured shoulder bag,Saint Laurent,https://cdn-images.farfetch-contents.com/16/12/65/47/16126547_6082790e-c73f-4b9f-8e19-6d0398be7ca7_300.jpg,USD,4900
interlocking G print silk shirt,Gucci,https://cdn-images.farfetch-contents.com/16/14/53/19/16145319_30476163_300.jpg,USD,1500
knot-detail leather mules,BY FAR,https://cdn-images.farfetch-contents.com/16/13/49/55/16134955_30487302_300.jpg,USD,470
cropped straight-leg jeans,Prada,https://cdn-images.farfetch-contents.com/15/95/25/95/15952595_29535336_300.jpg,USD,920
2014 pre-owned Lady-Datejust 26mm,Rolex,https://cdn-images.farfetch-contents.com/16/10/73/74/16107374_30462475_300.jpg,USD,8870
panelled knitted dress,Maison Margiela,https://cdn-images.farfetch-contents.com/16/02/74/81/16027481_30253331_300.jpg,USD,655
leopard-print cropped cardigan,Balmain,https://cdn-images.farfetch-contents.com/15/57/30/17/15573017_29867903_300.jpg,USD,1970
buckle-detail pointed pumps,Amina Muaddi,https://cdn-images.farfetch-contents.com/16/13/44/79/16134479_30458841_300.jpg,USD,1294
high-waisted leopard-print mini skirt,Balmain,https://cdn-images.farfetch-contents.com/15/56/97/65/15569765_29331833_300.jpg,USD,1133
Gancini-detail 35mm ankle boots,Salvatore Ferragamo,https://cdn-images.farfetch-contents.com/15/38/45/83/15384583_30428247_300.jpg,USD,995
double-breasted belted leather coat,Remain,https://cdn-images.farfetch-contents.com/16/13/83/34/16138334_30492345_300.jpg,USD,874
Gusset bucket bag,Marni,https://cdn-images.farfetch-contents.com/16/10/65/69/16106569_30419091_300.jpg,USD,990
roll neck cashmere jumper,Dorothee Schumacher,https://cdn-images.farfetch-contents.com/16/09/40/79/16094079_30407353_300.jpg,USD,750
XX Duck 80mm knee-high boots,Manu Atelier,https://cdn-images.farfetch-contents.com/15/38/87/70/15388770_30419922_300.jpg,USD,745
bell-shape mid-length skirt,Simone Rocha,https://cdn-images.farfetch-contents.com/16/00/97/57/16009757_30509206_300.jpg,USD,1250
two-tone gemstone necklace,Brinker & Eliza,https://cdn-images.farfetch-contents.com/16/01/93/44/16019344_30577738_300.jpg,USD,236
micro-pleated puff-sleeve mini dress,GANNI,https://cdn-images.farfetch-contents.com/16/12/70/82/16127082_b6f3bbe9-3241-4f0c-bc1d-9aaafad10c78_300.jpg,USD,265
knot-detail debossed-logo crossbody bag,LOEWE,https://cdn-images.farfetch-contents.com/16/12/87/14/16128714_591b9682-1bb6-4c82-906b-7b4c72524f57_300.jpg,USD,1500
x Browns 50 Michaela flora-print smocked top,Cecilie Bahnsen,https://cdn-images.farfetch-contents.com/15/36/41/53/15364153_29685661_300.jpg,USD,753
14kt yellow gold One Of A Kind Monolith opal ring,WWAKE,https://cdn-images.farfetch-contents.com/16/04/00/32/16040032_30354415_300.jpg,USD,4077
leopard-print bandeau mini dress,Balmain,https://cdn-images.farfetch-contents.com/15/56/97/66/15569766_29897111_300.jpg,USD,8445
padded crossover-detail sandals,Studio Amelia,https://cdn-images.farfetch-contents.com/16/13/69/51/16136951_30472367_300.jpg,USD,345
smocked-cuff silk shirt,Balmain,https://cdn-images.farfetch-contents.com/15/82/02/33/15820233_30548251_300.jpg,USD,1495
Lined Day linen midi dress,Zimmermann,https://cdn-images.farfetch-contents.com/16/11/83/28/16118328_30509006_300.jpg,USD,595
monogram pattern bucket bag,Fendi,https://cdn-images.farfetch-contents.com/16/11/51/79/16115179_30533560_300.jpg,USD,1890
18K rose gold Quartz Me Hearty bracelet,Gigi Clozeau,https://cdn-images.farfetch-contents.com/15/96/68/76/15966876_30490737_300.jpg,USD,775
18kt yellow gold Magnipheasant diamond pave feather stud earrings,Stephen Webster,https://cdn-images.farfetch-contents.com/15/83/24/40/15832440_30207145_300.jpg,USD,3029
18kt rose gold Rainbow Fancy sapphire three-stone pendant necklace,Pragnell,https://cdn-images.farfetch-contents.com/16/12/06/40/16120640_30394138_300.jpg,USD,3853
two-tone slip-on boots,GANNI,https://cdn-images.farfetch-contents.com/15/56/97/58/15569758_29767346_300.jpg,USD,245
crocodile-effect Rachel shoulder bag,BY FAR,https://cdn-images.farfetch-contents.com/16/13/67/35/16136735_30487313_300.jpg,USD,405
Fendi Roma crew neck sweatshirt,Fendi,https://cdn-images.farfetch-contents.com/15/56/90/12/15569012_30526888_300.jpg,USD,950
heart locket necklace,Oscar de la Renta,https://cdn-images.farfetch-contents.com/15/83/35/11/15833511_29869827_300.jpg,USD,590
GG logo tweed coat,Gucci,https://cdn-images.farfetch-contents.com/16/08/19/75/16081975_30149201_300.jpg,USD,4200
logo plaque knee-length heeled boots,Dolce & Gabbana,https://cdn-images.farfetch-contents.com/16/13/08/39/16130839_30463263_300.jpg,USD,1495
Prague short-sleeve shirt,Asceno,https://cdn-images.farfetch-contents.com/15/63/30/98/15633098_30476916_300.jpg,USD,262
medium Darryl tote bag,Chloé,https://cdn-images.farfetch-contents.com/16/12/75/14/16127514_0df1b622-ddb5-4fd9-8900-e2f4f183c128_300.jpg,USD,1162
Tema e Variazioni no.401 plate,Fornasetti,https://cdn-images.farfetch-contents.com/16/10/72/27/16107227_30379132_300.jpg,USD,168
intarsia-tiger cashmere throw,SAVED NY,https://cdn-images.farfetch-contents.com/16/10/95/06/16109506_30456848_300.jpg,USD,1530
slip-on slippers ,Marni,https://cdn-images.farfetch-contents.com/15/66/00/02/15660002_28533309_300.jpg,USD,650
stripe-pattern hooded robe,TEKLA,https://cdn-images.farfetch-contents.com/16/08/02/34/16080234_30535703_300.jpg,USD,223
14kt yellow gold chunky chain bracelet,Lauren Rubinski,https://cdn-images.farfetch-contents.com/16/02/34/72/16023472_30329191_300.jpg,USD,5351
logo-print cotton sweatshirt,Balmain,https://cdn-images.farfetch-contents.com/15/56/97/48/15569748_29893370_300.jpg,USD,517
Vuarnet air 2010,Vuarnet,https://cdn-images.farfetch-contents.com/16/05/41/30/16054130_30226115_300.jpg,USD,315
Liegia side-stripe leggings,The Upside,https://cdn-images.farfetch-contents.com/15/80/16/98/15801698_30397298_300.jpg,USD,131
pearl detail drop hoop earrings,Brinker & Eliza,https://cdn-images.farfetch-contents.com/16/01/92/92/16019292_30526402_300.jpg,USD,157
Cazla satin shirt dress,Alexis,https://cdn-images.farfetch-contents.com/16/06/95/23/16069523_30463617_300.jpg,USD,554
leather 60mm ankle boots,BY FAR,https://cdn-images.farfetch-contents.com/15/58/99/75/15589975_30466613_300.jpg,USD,544
oversized striped shirt,Balenciaga,https://cdn-images.farfetch-contents.com/15/65/39/42/15653942_29819266_300.jpg,USD,1250
FF-logo baguette clutch bag,Fendi,https://cdn-images.farfetch-contents.com/15/75/10/96/15751096_30452094_300.jpg,USD,1190
mid-calf Chelsea boots,GANNI,https://cdn-images.farfetch-contents.com/16/10/60/25/16106025_30499513_300.jpg,USD,445
sailor collar V-back dress,Masterpeace,https://cdn-images.farfetch-contents.com/15/69/25/01/15692501_30558937_300.jpg,USD,478
18K rose gold Monkey stud earring,Bibi van der Velden,https://cdn-images.farfetch-contents.com/15/96/68/06/15966806_30496763_300.jpg,USD,485
Upcycle colour-block puffer jacket,Peuterey,https://cdn-images.farfetch-contents.com/16/12/50/29/16125029_30472080_300.jpg,USD,868
Ball Star leather sneakers,Golden Goose,https://cdn-images.farfetch-contents.com/15/69/62/28/15696228_30474067_300.jpg,USD,495
Rachel crocodile-embossed shoulder bag,BY FAR,https://cdn-images.farfetch-contents.com/16/13/67/07/16136707_30487310_300.jpg,USD,405
varnished button-up shirt dress,Brunello Cucinelli,https://cdn-images.farfetch-contents.com/16/10/73/41/16107341_0fa4cbb5-1cb7-4901-9229-28f308d86f1e_300.jpg,USD,3995
logo-print denim jacket,Balenciaga,https://cdn-images.farfetch-contents.com/15/92/11/26/15921126_30216869_300.jpg,USD,1450
1.4 Gummy Jitney tote bag,Off-White,https://cdn-images.farfetch-contents.com/16/14/52/06/16145206_30489974_300.jpg,USD,1345
asymmetric striped skirt,MM6 Maison Margiela,https://cdn-images.farfetch-contents.com/16/03/31/12/16033112_30389272_300.jpg,USD,445
Amber lizard-skin effect shoulder bag,BY FAR,https://cdn-images.farfetch-contents.com/15/59/55/63/15595563_30555220_300.jpg,USD,681
seersucker check midi-dress,GANNI,https://cdn-images.farfetch-contents.com/16/12/90/77/16129077_30551263_300.jpg,USD,285
x Underground leopard print shoes,Molly Goddard,https://cdn-images.farfetch-contents.com/15/58/34/28/15583428_30458024_300.jpg,USD,524
stripe print tied waist blouse,Masterpeace,https://cdn-images.farfetch-contents.com/15/69/24/81/15692481_30528226_300.jpg,USD,295
Noa strappy flat sandals,3.1 Phillip Lim,https://cdn-images.farfetch-contents.com/15/97/18/89/15971889_30386016_300.jpg,USD,595
vertical stripes palazzo trousers,Masterpeace,https://cdn-images.farfetch-contents.com/15/69/24/54/15692454_30530782_300.jpg,USD,262
medium Solferino crossbody bag,Saint Laurent,https://cdn-images.farfetch-contents.com/16/12/65/49/16126549_1524866e-aa58-48ab-9875-18a886072691_300.jpg,USD,2490
detachable fleece collar quilted coat,Burberry,https://cdn-images.farfetch-contents.com/16/10/45/81/16104581_30413700_300.jpg,USD,1820
Ballet Runner low-top sneakers,LOEWE,https://cdn-images.farfetch-contents.com/16/13/48/91/16134891_30481893_300.jpg,USD,590
graphic print T-shirt,Alexander McQueen,https://cdn-images.farfetch-contents.com/16/02/97/05/16029705_30170016_300.jpg,USD,316
Slide high-top sneakers,Golden Goose,https://cdn-images.farfetch-contents.com/15/69/62/29/15696229_30459132_300.jpg,USD,530
mid-rise logo-print flared trousers,Alexander Wang,https://cdn-images.farfetch-contents.com/16/13/54/02/16135402_30449517_300.jpg,USD,375
18kt yellow gold and white diamond Rocket right earring,LE STER,https://cdn-images.farfetch-contents.com/16/07/33/41/16073341_30097743_300.jpg,USD,1201
ruffled long-sleeve maxi dress,Masterpeace,https://cdn-images.farfetch-contents.com/15/68/98/36/15689836_30531131_300.jpg,USD,485
knot front leather mules,BY FAR,https://cdn-images.farfetch-contents.com/16/13/58/85/16135885_30488340_300.jpg,USD,416
leather quilted ski gloves,Goldbergh,https://cdn-images.farfetch-contents.com/15/46/09/30/15460930_30432597_300.jpg,USD,170
Aspen ski hooded puffer jacket,Perfect Moment,https://cdn-images.farfetch-contents.com/15/48/93/91/15489391_27768067_300.jpg,USD,714
Joan of Arctic leather boots,SOREL,https://cdn-images.farfetch-contents.com/15/45/73/87/15457387_30400984_300.jpg,USD,223
metallic effect bikini set,Oséree,https://cdn-images.farfetch-contents.com/15/57/95/32/15579532_30488934_300.jpg,USD,255
maxi drawstring clutch bag,Studio Amelia,https://cdn-images.farfetch-contents.com/16/13/83/74/16138374_30472385_300.jpg,USD,414
diagonal striped ruffled skirt,Zimmermann,https://cdn-images.farfetch-contents.com/16/13/10/82/16131082_30431697_300.jpg,USD,624
chain-trim crocodile-effect mini bag,Stella McCartney,https://cdn-images.farfetch-contents.com/16/08/04/57/16080457_d99a4eae-6652-4205-bc71-08f5f7519a95_300.jpg,USD,830
fitted leather dress,Alexis,https://cdn-images.farfetch-contents.com/16/05/07/78/16050778_30097681_300.jpg,USD,485
twist front mules ,Studio Amelia,https://cdn-images.farfetch-contents.com/16/12/68/65/16126865_30446675_300.jpg,USD,348
short-sleeve leather shirt,MM6 Maison Margiela,https://cdn-images.farfetch-contents.com/16/12/52/47/16125247_30427653_300.jpg,USD,1260
9kt yellow gold derrière earring,Anissa Kermiche,https://cdn-images.farfetch-contents.com/15/79/94/41/15799441_30358179_300.jpg,USD,216
marble-print high-waisted jeans,Stella McCartney,https://cdn-images.farfetch-contents.com/15/63/83/26/15638326_30227101_300.jpg,USD,675
Solitario cup and plate set,Fornasetti,https://cdn-images.farfetch-contents.com/16/10/68/00/16106800_30455402_300.jpg,USD,185
logo print fringe throw,Fendi,https://cdn-images.farfetch-contents.com/15/75/11/06/15751106_30431844_300.jpg,USD,2190
Numbers patch tote bag,Maison Margiela,https://cdn-images.farfetch-contents.com/16/02/99/86/16029986_30274807_300.jpg,USD,1695
logo strap knitted mini dress,Off-White,https://cdn-images.farfetch-contents.com/15/65/14/96/15651496_30497426_300.jpg,USD,865
logo print cotton T-shirt,Fendi,https://cdn-images.farfetch-contents.com/15/74/55/54/15745554_30553148_300.jpg,USD,603
Barcelona shoulder bag  ,LOEWE,https://cdn-images.farfetch-contents.com/16/12/97/86/16129786_99d40040-1663-4a81-b843-e207980c276b_300.jpg,USD,2806
Martin Ramirez draped skirt,Lemaire,https://cdn-images.farfetch-contents.com/16/08/17/60/16081760_30320396_300.jpg,USD,1397
logo-plaque dropped clip-on earrings,Dolce & Gabbana,https://cdn-images.farfetch-contents.com/16/13/08/46/16130846_30572827_300.jpg,USD,995
Sonny long dress,Alexis,https://cdn-images.farfetch-contents.com/16/05/07/82/16050782_30097692_300.jpg,USD,484
Jewel suede moccasins,GANNI,https://cdn-images.farfetch-contents.com/16/10/46/22/16104622_30500785_300.jpg,USD,375
Bead wool basket,Hay,https://cdn-images.farfetch-contents.com/16/03/78/14/16037814_30362061_300.jpg,USD,219
two-tone round tray,MARNI INTERIORS,https://cdn-images.farfetch-contents.com/15/21/94/20/15219420_26970092_300.jpg,USD,230
Macchia Ginger scented candle,Stories of Italy,https://cdn-images.farfetch-contents.com/16/03/88/16/16038816_30360505_300.jpg,USD,203
Mini Puffin faux leather bag,Simon Miller,https://cdn-images.farfetch-contents.com/16/11/61/58/16116158_30491385_300.jpg,USD,220
Love jacquard hooded cape,Burberry,https://cdn-images.farfetch-contents.com/16/12/36/57/16123657_30416294_300.jpg,USD,1250
Emilie lace-up shoes,Stella McCartney,https://cdn-images.farfetch-contents.com/15/63/70/60/15637060_28323464_300.jpg,USD,915
side-stripe zip-up track jacket,Gucci,https://cdn-images.farfetch-contents.com/15/36/87/14/15368714_30493723_300.jpg,USD,1200
x Vivienne Westwood Gel-Kayano 26 mesh sneakers,ASICS,https://cdn-images.farfetch-contents.com/15/05/40/50/15054050_29622252_300.jpg,USD,314
side-stripe track pants,Gucci,https://cdn-images.farfetch-contents.com/15/36/56/58/15365658_30492106_300.jpg,USD,950
jacquard Arrows motif face mask,Off-White,https://cdn-images.farfetch-contents.com/16/14/02/65/16140265_30465719_300.jpg,USD,170
The Softbox Colorblocked 23 bag,Marc Jacobs,https://cdn-images.farfetch-contents.com/15/97/07/72/15970772_30315807_300.jpg,USD,395
logo print T-shirt,Balenciaga,https://cdn-images.farfetch-contents.com/16/00/70/35/16007035_30316277_300.jpg,USD,550
lace-up ridged sole boots,GANNI,https://cdn-images.farfetch-contents.com/15/56/97/55/15569755_29767344_300.jpg,USD,475
Rainbow two-row bracelet,Pragnell,https://cdn-images.farfetch-contents.com/16/12/05/41/16120541_30416142_300.jpg,USD,10662
Amrei crepe mini dress,Alexis,https://cdn-images.farfetch-contents.com/15/76/87/30/15768730_30095744_300.jpg,USD,598
Isa heel boots,Wandler,https://cdn-images.farfetch-contents.com/16/05/21/39/16052139_30491567_300.jpg,USD,689
Fendi Roma drawstring crossbody bag,Fendi,https://cdn-images.farfetch-contents.com/16/13/26/82/16132682_fce8990c-3899-426c-91fb-475e6c49abff_300.jpg,USD,1980
faded skinny jeans,Off-White,https://cdn-images.farfetch-contents.com/16/13/38/21/16133821_30476877_300.jpg,USD,560
ombre shoulder bag,Marc Jacobs,https://cdn-images.farfetch-contents.com/16/13/67/64/16136764_439fd5a3-4221-4564-a87a-1f8cd6286b03_300.jpg,USD,454
Oversized low-top sneakers,Alexander McQueen,https://cdn-images.farfetch-contents.com/16/11/89/40/16118940_30458801_300.jpg,USD,540
smiley print sweatshirt,GANNI,https://cdn-images.farfetch-contents.com/15/56/39/97/15563997_29676138_300.jpg,USD,185
Software Isoli tapered track pants,GANNI,https://cdn-images.farfetch-contents.com/16/14/61/29/16146129_30503663_300.jpg,USD,149
logo-detail slippers,Alexander McQueen,https://cdn-images.farfetch-contents.com/16/12/55/43/16125543_30483738_300.jpg,USD,568
logo print bikini set,Off-White,https://cdn-images.farfetch-contents.com/15/65/13/91/15651391_30537078_300.jpg,USD,360
Slim round-frame sunglasses,Dolce & Gabbana Eyewear,https://cdn-images.farfetch-contents.com/16/09/10/46/16091046_30290012_300.jpg,USD,255
intarsia-pattern Icon cardi-coat,Alanui,https://cdn-images.farfetch-contents.com/16/13/72/25/16137225_30446033_300.jpg,USD,2655
Stack 40 military boots,R13,https://cdn-images.farfetch-contents.com/13/00/40/83/13004083_21366187_300.jpg,USD,895
The Chain Pouch shoulder bag,Bottega Veneta,https://cdn-images.farfetch-contents.com/16/10/91/58/16109158_30402576_300.jpg,USD,3600
open back floral-print dress,Masterpeace,https://cdn-images.farfetch-contents.com/15/69/24/45/15692445_30549935_300.jpg,USD,668
belted sleeveless blouse,Remain,https://cdn-images.farfetch-contents.com/16/13/83/75/16138375_30491651_300.jpg,USD,203
small SpikeMe shoulder bag,Valentino Garavani,https://cdn-images.farfetch-contents.com/16/13/27/55/16132755_30561790_300.jpg,USD,2450
straight leg faux leather trousers,AGOLDE,https://cdn-images.farfetch-contents.com/16/09/24/14/16092414_30383166_300.jpg,USD,300
knot front mid-heel mules,BY FAR,https://cdn-images.farfetch-contents.com/16/13/58/77/16135877_30486768_300.jpg,USD,400
Keri tiered beach dress,Melissa Odabash,https://cdn-images.farfetch-contents.com/15/65/28/97/15652897_30494986_300.jpg,USD,301
14kt yellow gold diamond heart pendant,Loquet,https://cdn-images.farfetch-contents.com/15/87/88/29/15878829_30281274_300.jpg,USD,3981
oversized buttoned ribbed cardicoat,Fendi,https://cdn-images.farfetch-contents.com/16/12/87/85/16128785_30563282_300.jpg,USD,2390
crossover high-rise jeans,R13,https://cdn-images.farfetch-contents.com/16/13/63/05/16136305_30471601_300.jpg,USD,597
marine moon cap,Marine Serre,https://cdn-images.farfetch-contents.com/14/66/25/52/14662552_26237154_300.jpg,USD,280
logo-print bikini,Off-White,https://cdn-images.farfetch-contents.com/16/13/03/90/16130390_30438338_300.jpg,USD,360
slogan cable-link bracelet,JW Anderson,https://cdn-images.farfetch-contents.com/16/09/93/04/16099304_30471555_300.jpg,USD,285
Dane ribbed-knit bodysuit,Nanushka,https://cdn-images.farfetch-contents.com/16/12/69/30/16126930_30447681_300.jpg,USD,320
Upanova 85mm heel pumps,Piferi,https://cdn-images.farfetch-contents.com/16/11/47/29/16114729_30537088_300.jpg,USD,589
Josephine feather mini bag,Rosantica,https://cdn-images.farfetch-contents.com/15/95/74/20/15957420_30101837_300.jpg,USD,720
floral-print asymmetric dress,Stella McCartney,https://cdn-images.farfetch-contents.com/15/63/83/35/15638335_28323506_300.jpg,USD,1418
rhinestone-embellished hair clip,Oscar de la Renta,https://cdn-images.farfetch-contents.com/15/83/35/06/15833506_30442824_300.jpg,USD,220
logo-embroidered sweatshirt,Fendi,https://cdn-images.farfetch-contents.com/16/12/88/58/16128858_30453364_300.jpg,USD,1155
pebbled leather tote bag,BY FAR,https://cdn-images.farfetch-contents.com/16/13/66/97/16136697_30487307_300.jpg,USD,537
Vanya velvet high-waist trousers,Reformation,https://cdn-images.farfetch-contents.com/15/98/33/62/15983362_30560402_300.jpg,USD,249
No. 1 bowl (20cm),Karakter,https://cdn-images.farfetch-contents.com/16/10/23/80/16102380_30483083_300.jpg,USD,292
Emilie platform Chelsea boots,Stella McCartney,https://cdn-images.farfetch-contents.com/16/13/15/88/16131588_30488332_300.jpg,USD,975
stripe print scarf,Totême,https://cdn-images.farfetch-contents.com/16/14/19/39/16141939_30480776_300.jpg,USD,232
oversized double-breasted wool coat,Stella McCartney,https://cdn-images.farfetch-contents.com/16/09/94/06/16099406_30497406_300.jpg,USD,1950
lace-up combat boots,LOEWE,https://cdn-images.farfetch-contents.com/16/13/48/93/16134893_30482770_300.jpg,USD,690
loose-fit leather shirt,LOEWE,https://cdn-images.farfetch-contents.com/16/10/82/66/16108266_30398512_300.jpg,USD,2750
small Kaia textured crossbody bag,Saint Laurent,https://cdn-images.farfetch-contents.com/16/12/65/40/16126540_30494304_300.jpg,USD,2950
Elpis wildcat kimono,Temperley London,https://cdn-images.farfetch-contents.com/16/08/05/28/16080528_30367350_300.jpg,USD,681
padded crossover-detail sandals,Studio Amelia,https://cdn-images.farfetch-contents.com/16/13/69/45/16136945_30472360_300.jpg,USD,272
'STASIA' diamond drop earrings,Alinka,https://cdn-images.farfetch-contents.com/11/77/51/07/11775107_8409049_300.jpg,USD,4694
1961 18kt rose gold Present Day Bvlgari Serpenti diamond ring,Bulgari Pre-Owned,https://cdn-images.farfetch-contents.com/16/09/71/01/16097101_30464256_300.jpg,USD,8288
18kt yellow gold peridot bracelet,PIPPA SMALL,https://cdn-images.farfetch-contents.com/16/04/00/01/16040001_30354269_300.jpg,USD,2390
printed mesh shirt,GANNI,https://cdn-images.farfetch-contents.com/16/14/17/62/16141762_30536915_300.jpg,USD,205
pleated georgette maxi skirt,GANNI,https://cdn-images.farfetch-contents.com/16/14/17/73/16141773_30471611_300.jpg,USD,215
Stone chunky-strap mini bag,PUBLISHED BY,https://cdn-images.farfetch-contents.com/15/65/40/34/15654034_30115480_300.jpg,USD,288
abstract-print contrast-trim dress,Stella McCartney,https://cdn-images.farfetch-contents.com/15/77/18/91/15771891_30505455_300.jpg,USD,2025
point-collar buttoned shirt,Gucci,https://cdn-images.farfetch-contents.com/16/11/89/34/16118934_30379738_300.jpg,USD,1300
Georgia 45mm satin sandals,Khaite,https://cdn-images.farfetch-contents.com/15/58/33/93/15583393_30018920_300.jpg,USD,620
flared high-waist trousers,Gucci,https://cdn-images.farfetch-contents.com/16/11/69/12/16116912_30386348_300.jpg,USD,1300
floral-print mini dress,Reformation,https://cdn-images.farfetch-contents.com/15/98/33/63/15983363_30444997_300.jpg,USD,282
mini Cassandra monogram tote bag,Saint Laurent,https://cdn-images.farfetch-contents.com/16/12/65/41/16126541_30494308_300.jpg,USD,2290
Nobiltà Virtù print T-shirt,MSGM,https://cdn-images.farfetch-contents.com/16/12/34/77/16123477_30509269_300.jpg,USD,194
Trunk shoulder bag,Marni,https://cdn-images.farfetch-contents.com/15/65/59/98/15655998_28558822_300.jpg,USD,1950
ripped detail straight-leg jeans,Ksubi,https://cdn-images.farfetch-contents.com/15/29/52/30/15295230_29786642_300.jpg,USD,327
14kt yellow gold Love charm bracelet,Lauren Rubinski,https://cdn-images.farfetch-contents.com/16/02/19/83/16021983_30329183_300.jpg,USD,1890
Lovestruck silk-chiffon midi dress,Zimmermann,https://cdn-images.farfetch-contents.com/16/11/78/52/16117852_30508892_300.jpg,USD,1150
gathered-detail tote bag,Studio Amelia,https://cdn-images.farfetch-contents.com/16/13/83/71/16138371_30472377_300.jpg,USD,324
large London scented candle,Tom Dixon,https://cdn-images.farfetch-contents.com/16/05/11/53/16051153_30149726_300.jpg,USD,131
ruffled two-piece pajama set,Sleeper,https://cdn-images.farfetch-contents.com/15/94/03/20/15940320_30369593_300.jpg,USD,249
corduroy toggle hooded duffle coat,Denimist,https://cdn-images.farfetch-contents.com/15/29/58/89/15295889_30497444_300.jpg,USD,1008
chunky sole panelled boots,R13,https://cdn-images.farfetch-contents.com/16/11/68/52/16116852_30456444_300.jpg,USD,1385
Simple crew neck jumper,The Elder Statesman,https://cdn-images.farfetch-contents.com/15/96/25/33/15962533_30496384_300.jpg,USD,1014
rhinestone-embellished hair clip,Oscar de la Renta,https://cdn-images.farfetch-contents.com/15/83/35/07/15833507_30445086_300.jpg,USD,190
Antibes leaf print cropped trousers,Asceno,https://cdn-images.farfetch-contents.com/15/79/05/31/15790531_30491986_300.jpg,USD,327
Christmas cat-eye frame sunglasses,Dolce & Gabbana Eyewear,https://cdn-images.farfetch-contents.com/16/08/95/04/16089504_30300634_300.jpg,USD,530
slogan print bucket hat,Paco Rabanne,https://cdn-images.farfetch-contents.com/15/72/27/05/15722705_30114702_300.jpg,USD,118
oversize tape shirt,JW Anderson,https://cdn-images.farfetch-contents.com/16/09/46/71/16094671_30465652_300.jpg,USD,385
The Soft Box 23 bag,Marc Jacobs,https://cdn-images.farfetch-contents.com/15/96/77/15/15967715_30315801_300.jpg,USD,395
Medina vertical-stripe towel robe,Desmond & Dempsey,https://cdn-images.farfetch-contents.com/15/61/80/82/15618082_30168768_300.jpg,USD,190
replica monkey skull,Parts of Four,https://cdn-images.farfetch-contents.com/15/16/53/46/15165346_30476402_300.jpg,USD,1899
floral print tailored shirt,GANNI,https://cdn-images.farfetch-contents.com/16/11/93/55/16119355_30539221_300.jpg,USD,375
Tootie tote bag,Jil Sander,https://cdn-images.farfetch-contents.com/16/06/50/87/16065087_30511364_300.jpg,USD,1980
raw-hem slim jeans,JW Anderson,https://cdn-images.farfetch-contents.com/15/75/25/21/15752521_30347615_300.jpg,USD,470
pointed toe 85mm mules,Gia Couture,https://cdn-images.farfetch-contents.com/16/05/22/00/16052200_30237061_300.jpg,USD,373
floral print belted robe,Masterpeace,https://cdn-images.farfetch-contents.com/15/69/24/64/15692464_30499495_300.jpg,USD,393
small Hammock leather bag,LOEWE,https://cdn-images.farfetch-contents.com/16/10/77/78/16107778_30402475_300.jpg,USD,1900
oversized button-up shirt,Rejina Pyo,https://cdn-images.farfetch-contents.com/15/64/16/51/15641651_30272261_300.jpg,USD,426
14kt rose gold Petit Jaune Chevalier enamel eye and diamond ring,Lito,https://cdn-images.farfetch-contents.com/16/04/00/21/16040021_30354381_300.jpg,USD,3445
knee-length straight-leg shorts,Off-White,https://cdn-images.farfetch-contents.com/16/03/64/23/16036423_30482852_300.jpg,USD,1765
chain-embellished Medusa sandals,Versace,https://cdn-images.farfetch-contents.com/15/98/55/70/15985570_30429481_300.jpg,USD,1175
floral-print cold-shoulder dress,Marni,https://cdn-images.farfetch-contents.com/16/10/80/36/16108036_30491353_300.jpg,USD,1590
small Lola quilted tri-tone bag,Burberry,https://cdn-images.farfetch-contents.com/16/10/34/03/16103403_30343376_300.jpg,USD,1690
Moss rose bud-print blouse,Rixo,https://cdn-images.farfetch-contents.com/16/13/61/08/16136108_30480296_300.jpg,USD,249
crocodile embossed slingback pumps,BY FAR,https://cdn-images.farfetch-contents.com/16/13/67/46/16136746_30487317_300.jpg,USD,463
Novara tailored trousers,Totême,https://cdn-images.farfetch-contents.com/16/13/90/36/16139036_30529988_300.jpg,USD,232
embroidered panel checked dress,Masterpeace,https://cdn-images.farfetch-contents.com/15/69/30/35/15693035_30496915_300.jpg,USD,550
Ballet Runner colour-block sneakers,LOEWE,https://cdn-images.farfetch-contents.com/16/13/48/92/16134892_30482768_300.jpg,USD,650
balloon sleeve striped dress,Dolce & Gabbana,https://cdn-images.farfetch-contents.com/16/13/10/42/16131042_30494970_300.jpg,USD,3045
Jessa 85mm braided sandals,Salvatore Ferragamo,https://cdn-images.farfetch-contents.com/15/38/45/98/15384598_30509454_300.jpg,USD,850
Cynthia 65mm tiger-print mules,BY FAR,https://cdn-images.farfetch-contents.com/15/58/99/52/15589952_30452244_300.jpg,USD,524
Ralphie crocodile-effect mini bag,16Arlington,https://cdn-images.farfetch-contents.com/15/94/79/68/15947968_30254704_300.jpg,USD,570
belted reversible coat,Victoria Beckham,https://cdn-images.farfetch-contents.com/15/98/12/11/15981211_29821945_300.jpg,USD,3565
houndstooth pattern cropped blazer,Rixo,https://cdn-images.farfetch-contents.com/15/57/30/06/15573006_30476767_300.jpg,USD,321
houndstooth pattern mini skirt,Rixo,https://cdn-images.farfetch-contents.com/15/74/06/69/15740669_30558830_300.jpg,USD,242
lug sole lace-up boots,Proenza Schouler,https://cdn-images.farfetch-contents.com/15/59/52/51/15595251_30001859_300.jpg,USD,595
shearling single-breasted overcoat,STAND STUDIO,https://cdn-images.farfetch-contents.com/16/08/74/94/16087494_30419733_300.jpg,USD,346
Elise crocodile-effect shoulder bag,Saint Laurent,https://cdn-images.farfetch-contents.com/16/12/65/50/16126550_30495870_300.jpg,USD,2490
crocodile-effect penny loafers,LOEWE,https://cdn-images.farfetch-contents.com/16/13/48/89/16134889_30482761_300.jpg,USD,690
14K yellow gold Saffron locket pendant,Loquet,https://cdn-images.farfetch-contents.com/15/87/93/56/15879356_30314539_300.jpg,USD,2275
Feuille coat,Moncler,https://cdn-images.farfetch-contents.com/16/10/67/10/16106710_8100d98e-20ac-44a1-8e09-cd20fdfcfec8_300.jpg,USD,1685
all-over logo-print flared trousers,Alexander Wang,https://cdn-images.farfetch-contents.com/16/13/54/01/16135401_30500705_300.jpg,USD,504
Carre textured shoulder bag,Saint Laurent,https://cdn-images.farfetch-contents.com/16/12/65/46/16126546_7134efc5-a096-43d5-8cc2-9d69c9739a0b_300.jpg,USD,4900
double-breasted belted trench coat,JW Anderson,https://cdn-images.farfetch-contents.com/15/76/64/77/15766477_30096325_300.jpg,USD,1890
halter neck swimsuit,Zimmermann,https://cdn-images.farfetch-contents.com/16/11/54/00/16115400_30411178_300.jpg,USD,469
Slim square-frame sunglasses,Dolce & Gabbana Eyewear,https://cdn-images.farfetch-contents.com/16/09/10/40/16091040_30299529_300.jpg,USD,310
metallic effect short shorts,Oséree,https://cdn-images.farfetch-contents.com/15/57/95/20/15579520_30497244_300.jpg,USD,196
pre-owned Saddle shoulder bag,Christian Dior,https://cdn-images.farfetch-contents.com/16/12/59/08/16125908_30460270_300.jpg,USD,2236
horse-print flared mini dress,GANNI,https://cdn-images.farfetch-contents.com/15/56/77/23/15567723_29654896_300.jpg,USD,285
Tiffany 80mm two-tone pumps,BY FAR,https://cdn-images.farfetch-contents.com/15/58/99/61/15589961_30558818_300.jpg,USD,425
straight-leg stonewashed jeans,Brunello Cucinelli,https://cdn-images.farfetch-contents.com/16/00/23/80/16002380_29950359_300.jpg,USD,1545
metallic effect tied waist robe,Oséree,https://cdn-images.farfetch-contents.com/15/57/95/18/15579518_30493727_300.jpg,USD,426
circle-logo tote bag,Stella McCartney,https://cdn-images.farfetch-contents.com/16/07/98/40/16079840_459a102f-1034-4e22-b752-0a7cc528c0c9_300.jpg,USD,890
two-tone hooded jacket,LOEWE,https://cdn-images.farfetch-contents.com/16/13/67/19/16136719_30481953_300.jpg,USD,2350
small Darryl tote bag,Chloé,https://cdn-images.farfetch-contents.com/16/12/24/63/16122463_4344e61f-cbd9-43dc-a675-5ded3126c52d_300.jpg,USD,990
18kt yellow gold RockChicdDiamond solitaire pendant necklace,Pragnell,https://cdn-images.farfetch-contents.com/16/12/06/33/16120633_30393597_300.jpg,USD,1351
1961 pre-owned 18kt yellow gold Present Day diamond bracelet,Van Cleef & Arpels,https://cdn-images.farfetch-contents.com/16/09/71/25/16097125_30464299_300.jpg,USD,26101
Slim round-frame sunglasses,Dolce & Gabbana Eyewear,https://cdn-images.farfetch-contents.com/16/09/10/43/16091043_30300739_300.jpg,USD,310
V-neck tied swimsuit,Zimmermann,https://cdn-images.farfetch-contents.com/16/12/56/31/16125631_30438307_300.jpg,USD,445
Lennyo studded sandals,Isabel Marant,https://cdn-images.farfetch-contents.com/16/13/54/08/16135408_30468608_300.jpg,USD,580
collarless double-breasted denim jacket,Isabel Marant Étoile,https://cdn-images.farfetch-contents.com/16/12/87/13/16128713_d9818327-b2ea-4dfa-94bc-e0742cb058b9_300.jpg,USD,463
9kt yellow gold diamond pendant necklace,Yvonne Léon,https://cdn-images.farfetch-contents.com/15/65/83/21/15658321_30370698_300.jpg,USD,1884
ditsy floral-print asymmetric-hem skirt,GANNI,https://cdn-images.farfetch-contents.com/16/12/34/32/16123432_30509268_300.jpg,USD,152
floral-print short-sleeve dress,Rixo,https://cdn-images.farfetch-contents.com/16/13/51/83/16135183_30549845_300.jpg,USD,365
crochet long-sleeve top,Alexander McQueen,https://cdn-images.farfetch-contents.com/16/13/04/03/16130403_784c3a15-0260-45e9-bf8a-3835482b7855_300.jpg,USD,1490
Luz padded clutch bag,Isabel Marant,https://cdn-images.farfetch-contents.com/16/00/80/03/16008003_30488333_300.jpg,USD,730
crochet high-waisted flared skirt,Alexander McQueen,https://cdn-images.farfetch-contents.com/16/13/04/07/16130407_b3ace372-dda2-4877-83df-a4977da02a27_300.jpg,USD,1740
classic disc bracelet,Tateossian,https://cdn-images.farfetch-contents.com/16/02/15/34/16021534_30378408_300.jpg,USD,229
zipped biker jumpsuit,Remain,https://cdn-images.farfetch-contents.com/16/13/83/03/16138303_30492344_300.jpg,USD,741
double-breasted linen blazer,Brunello Cucinelli,https://cdn-images.farfetch-contents.com/16/12/84/78/16128478_30447278_300.jpg,USD,2961
small Gate shoulder bag,LOEWE,https://cdn-images.farfetch-contents.com/16/12/96/65/16129665_fac41094-d213-4283-92fe-b14718b0f391_300.jpg,USD,2250
distressed slim-fit jeans,Dolce & Gabbana,https://cdn-images.farfetch-contents.com/16/02/98/73/16029873_08b669ac-3d5d-454a-ae7d-7b5b47c5fbcd_300.jpg,USD,875
Vuarnet ski google,Vuarnet,https://cdn-images.farfetch-contents.com/16/05/41/45/16054145_30244978_300.jpg,USD,224
Avanata padded ski suit,Perfect Moment,https://cdn-images.farfetch-contents.com/15/48/77/35/15487735_27768063_300.jpg,USD,1144
chevron stripe belt bag,Perfect Moment,https://cdn-images.farfetch-contents.com/15/56/97/47/15569747_27880388_300.jpg,USD,196
ribbed knit cashmere jumper,The Elder Statesman,https://cdn-images.farfetch-contents.com/15/96/25/34/15962534_30477929_300.jpg,USD,1149
square-toe heeled sandals,Studio Amelia,https://cdn-images.farfetch-contents.com/16/13/63/37/16136337_30492296_300.jpg,USD,338
high-waist knee-length shorts,Brunello Cucinelli,https://cdn-images.farfetch-contents.com/16/12/88/07/16128807_a1c151a5-ad0c-47ee-897a-e8cc26812017_300.jpg,USD,776
pre-owned bucket shoulder bag,Céline Pre-Owned,https://cdn-images.farfetch-contents.com/16/12/59/12/16125912_30464055_300.jpg,USD,2372
floral patchwork dress,JW Anderson,https://cdn-images.farfetch-contents.com/15/76/64/85/15766485_30095824_300.jpg,USD,1890
check-print funnel-neck jumper,Stella McCartney,https://cdn-images.farfetch-contents.com/15/77/18/92/15771892_30505459_300.jpg,USD,995
Air Force 1 Shadow sneakers,Nike,https://cdn-images.farfetch-contents.com/16/12/18/61/16121861_30435855_300.jpg,USD,230
high-waisted denim mini skirt,Off-White,https://cdn-images.farfetch-contents.com/15/64/59/57/15645957_30499283_300.jpg,USD,520
Bacio 300g scented candle,Fornasetti,https://cdn-images.farfetch-contents.com/16/05/53/63/16055363_30561892_300.jpg,USD,203
replica leopard skull,Parts of Four,https://cdn-images.farfetch-contents.com/15/99/67/04/15996704_30450821_300.jpg,USD,3106
sequin embroidered swimsuit,Oséree,https://cdn-images.farfetch-contents.com/15/57/95/22/15579522_30495465_300.jpg,USD,282
single-link toggle bracelet,Parts of Four,https://cdn-images.farfetch-contents.com/15/99/66/91/15996691_30450795_300.jpg,USD,412
sequin-embroidered mini skirt,Oséree,https://cdn-images.farfetch-contents.com/15/57/95/24/15579524_30531188_300.jpg,USD,216
Brighton palm-tree print playsuit,Zimmermann,https://cdn-images.farfetch-contents.com/15/89/25/20/15892520_30450665_300.jpg,USD,595
slim UV-protective sunglasses,Dolce & Gabbana Eyewear,https://cdn-images.farfetch-contents.com/16/08/95/06/16089506_30465139_300.jpg,USD,278
floral-print neck-tie jumpsuit,Rixo,https://cdn-images.farfetch-contents.com/16/13/61/33/16136133_30549855_300.jpg,USD,394
1911-1940 pre-owned platinum Art Deco jade and diamond ring,Cartier,https://cdn-images.farfetch-contents.com/16/09/71/06/16097106_30464266_300.jpg,USD,27011
palm-tree print sports bra,The Upside,https://cdn-images.farfetch-contents.com/15/80/36/25/15803625_30398561_300.jpg,USD,92
pre-owned trapeze two-way bag,Céline Pre-Owned,https://cdn-images.farfetch-contents.com/16/12/59/03/16125903_30460255_300.jpg,USD,4967
floral-print V-neck dress,Rixo,https://cdn-images.farfetch-contents.com/16/13/51/85/16135185_30549850_300.jpg,USD,382
45mm low-ankle boots,Jil Sander,https://cdn-images.farfetch-contents.com/16/05/21/49/16052149_30345273_300.jpg,USD,890
Battistero print cover-up,Emilio Pucci,https://cdn-images.farfetch-contents.com/15/65/22/52/15652252_5611e8a4-d616-4fda-b590-a2abc6f69d09_300.jpg,USD,1015
Double Line oversized-frame sunglasses,Dolce & Gabbana Eyewear,https://cdn-images.farfetch-contents.com/16/08/95/31/16089531_30299512_300.jpg,USD,310
metallic effect bikini set,Oséree,https://cdn-images.farfetch-contents.com/15/57/95/23/15579523_30490836_300.jpg,USD,242
Fontia coat,Isabel Marant Étoile,https://cdn-images.farfetch-contents.com/16/13/05/95/16130595_e9d732ec-21f6-4ffd-a6f3-ced1b9c0e237_300.jpg,USD,800
recycled tech crossbody bag,GANNI,https://cdn-images.farfetch-contents.com/16/12/93/48/16129348_7bc095a0-8171-4def-8607-beef3e2e448f_300.jpg,USD,115
rib knit tailored jacket,Burberry,https://cdn-images.farfetch-contents.com/16/01/02/99/16010299_30051842_300.jpg,USD,1990
metallic jewel-detail mocassins,GANNI,https://cdn-images.farfetch-contents.com/16/12/93/51/16129351_30455048_300.jpg,USD,406
Swinton asymmetric pleated skirt,Joseph,https://cdn-images.farfetch-contents.com/15/90/44/46/15904446_30453985_300.jpg,USD,452
Gemma rose-printed midi dress,Rixo,https://cdn-images.farfetch-contents.com/15/56/97/51/15569751_30526907_300.jpg,USD,347
wrap-around knit jumper,Totême,https://cdn-images.farfetch-contents.com/16/14/06/38/16140638_30455393_300.jpg,USD,689
sequin embroidered trench coat,STAUD,https://cdn-images.farfetch-contents.com/15/65/39/61/15653961_30561009_300.jpg,USD,595
small Daria day bag,Chloé,https://cdn-images.farfetch-contents.com/16/12/70/56/16127056_722e457d-ad4d-448d-9d02-27638c91a7ed_300.jpg,USD,1814
short-sleeve leather shirt,Bottega Veneta,https://cdn-images.farfetch-contents.com/16/12/90/06/16129006_30447294_300.jpg,USD,4100
70mm Chelsea boots,LOEWE,https://cdn-images.farfetch-contents.com/16/08/48/04/16084804_30455574_300.jpg,USD,1100
polka dot print midi skirt,Rixo,https://cdn-images.farfetch-contents.com/15/56/97/90/15569790_30481008_300.jpg,USD,282
panelled print-mix shirt dress,Versace,https://cdn-images.farfetch-contents.com/15/98/50/55/15985055_f7ccf3e3-2681-4ddc-aa59-e63f9742b25a_300.jpg,USD,2575
embroidered logo V-neck jumper,Balmain,https://cdn-images.farfetch-contents.com/15/70/02/74/15700274_29393216_300.jpg,USD,1350
check technical cotton pumps,Burberry,https://cdn-images.farfetch-contents.com/16/03/79/03/16037903_30051849_300.jpg,USD,680
18kt yellow gold Bohemia bangle,Pragnell,https://cdn-images.farfetch-contents.com/16/12/05/52/16120552_30416164_300.jpg,USD,7961
checked V-neck dress ,GANNI,https://cdn-images.farfetch-contents.com/16/14/17/94/16141794_30470713_300.jpg,USD,285
Marcie tote bag,Chloé,https://cdn-images.farfetch-contents.com/16/12/24/65/16122465_de3dc6bc-c575-429c-b5e4-234dda7e464a_300.jpg,USD,1814
Brighton embroidered midi skirt,Zimmermann,https://cdn-images.farfetch-contents.com/15/89/60/51/15896051_30452228_300.jpg,USD,895
fluted floral-print dress,Dolce & Gabbana,https://cdn-images.farfetch-contents.com/16/13/10/47/16131047_30430864_300.jpg,USD,2395
small SpikeMe tote bag,Valentino Garavani,https://cdn-images.farfetch-contents.com/16/13/27/05/16132705_71a61499-f4ec-40a7-8b16-7b1c167d4f6f_300.jpg,USD,2980
geometric-print fringed cardigan,Alanui,https://cdn-images.farfetch-contents.com/16/13/72/20/16137220_30446006_300.jpg,USD,2570
medium Snatched crossbody bag,Maison Margiela,https://cdn-images.farfetch-contents.com/16/13/08/64/16130864_2ff05a1e-3ad6-4cfb-b1c5-93c0622eb9cd_300.jpg,USD,2070
Dewina 40mm ankle boots,Isabel Marant,https://cdn-images.farfetch-contents.com/16/13/26/89/16132689_30483250_300.jpg,USD,730
seersucker check mini dress,GANNI,https://cdn-images.farfetch-contents.com/16/10/46/51/16104651_30498219_300.jpg,USD,235
Jewelled crocodile-effect satchel,Alexander McQueen,https://cdn-images.farfetch-contents.com/16/12/49/69/16124969_dcf1716b-8cad-4f39-ad93-861f2e3f242f_300.jpg,USD,1790
14kt yellow gold oversized heart pendant necklace,Lauren Rubinski,https://cdn-images.farfetch-contents.com/16/02/54/84/16025484_30329199_300.jpg,USD,8075
paisley print mini dress,Zimmermann,https://cdn-images.farfetch-contents.com/15/89/25/24/15892524_30457228_300.jpg,USD,695
DG Girl crossbody bag,Dolce & Gabbana,https://cdn-images.farfetch-contents.com/16/13/08/52/16130852_b61eefe2-e15f-4f3f-8748-37b177a5cd8c_300.jpg,USD,2295
knitted mini skirt,Bottega Veneta,https://cdn-images.farfetch-contents.com/16/13/65/47/16136547_9df086bb-3144-4a5a-b87b-50730ef9af4c_300.jpg,USD,1250
1993 pre-owned Epi Cluny shoulder bag,Louis Vuitton,https://cdn-images.farfetch-contents.com/16/08/29/67/16082967_30238339_300.jpg,USD,1177
tuck-detail satin shirt-dress,Nanushka,https://cdn-images.farfetch-contents.com/16/08/72/41/16087241_30435882_300.jpg,USD,975
cone-heel O-ring sandals,Saint Laurent,https://cdn-images.farfetch-contents.com/16/12/65/31/16126531_30436733_300.jpg,USD,895
logo-patch shirt jacket,LOEWE,https://cdn-images.farfetch-contents.com/16/12/96/68/16129668_30477912_300.jpg,USD,890
Manu leather shoulder bag,BY FAR,https://cdn-images.farfetch-contents.com/15/59/48/98/15594898_30561007_300.jpg,USD,550
Stacey 85mm sandals,Jimmy Choo,https://cdn-images.farfetch-contents.com/15/32/59/65/15325965_30296345_300.jpg,USD,671
floral print midi dress,Reformation,https://cdn-images.farfetch-contents.com/16/09/69/96/16096996_30456231_300.jpg,USD,347
18kt rose gold Rainbow Fancy sapphire line pendant necklace,Pragnell,https://cdn-images.farfetch-contents.com/16/12/06/43/16120643_30469747_300.jpg,USD,3270
70mm leather Mary Jane pumps,Gianvito Rossi,https://cdn-images.farfetch-contents.com/15/63/31/18/15633118_30553140_300.jpg,USD,795
DG-logo drop earrings,Dolce & Gabbana,https://cdn-images.farfetch-contents.com/16/12/51/85/16125185_30490819_300.jpg,USD,385
pleated maxi dress,GANNI,https://cdn-images.farfetch-contents.com/16/14/17/82/16141782_30470703_300.jpg,USD,249
85mm leather ankle boots,Gianvito Rossi,https://cdn-images.farfetch-contents.com/15/63/31/08/15633108_30453963_300.jpg,USD,1095
geometric-print fringed cardigan,Alanui,https://cdn-images.farfetch-contents.com/16/13/72/23/16137223_30448686_300.jpg,USD,2411
2001 pre-owned Epi Sac Verseau tote bag,Louis Vuitton,https://cdn-images.farfetch-contents.com/16/08/54/37/16085437_30239415_300.jpg,USD,1243
T-bar leather flip flops,Ancient Greek Sandals,https://cdn-images.farfetch-contents.com/15/89/45/52/15894552_30458181_300.jpg,USD,170
metallic effect bikini set,Oséree,https://cdn-images.farfetch-contents.com/15/58/00/64/15580064_30492308_300.jpg,USD,255
Andre sun hat,Maison Michel,https://cdn-images.farfetch-contents.com/16/08/37/39/16083739_30377799_300.jpg,USD,560
reversible hooded bomber jacket,R13,https://cdn-images.farfetch-contents.com/16/12/90/49/16129049_30457543_300.jpg,USD,755
Superstar leather sneakers,Golden Goose,https://cdn-images.farfetch-contents.com/15/69/62/30/15696230_30471140_300.jpg,USD,530
multi-panel print silk dress,Rixo,https://cdn-images.farfetch-contents.com/15/57/30/14/15573014_30472459_300.jpg,USD,413
Tuc embossed shoulder bag,Saint Laurent,https://cdn-images.farfetch-contents.com/16/12/65/51/16126551_30494330_300.jpg,USD,2450
sheer leaf pattern midi dress,Agent Provocateur,https://cdn-images.farfetch-contents.com/15/40/69/61/15406961_30482157_300.jpg,USD,1125
metallic effect swimsuit,Oséree,https://cdn-images.farfetch-contents.com/15/57/95/28/15579528_30481156_300.jpg,USD,242
 Superstar leopard-print low-top sneakers,Golden Goose,https://cdn-images.farfetch-contents.com/15/69/62/24/15696224_30558825_300.jpg,USD,560
high-shine padded coat,Dolce & Gabbana,https://cdn-images.farfetch-contents.com/16/12/74/85/16127485_30500307_300.jpg,USD,1695
small Dauphine logo-patch backpack,Moncler,https://cdn-images.farfetch-contents.com/15/38/03/92/15380392_30471256_300.jpg,USD,945
rubberised neoprene surf bodysuit,Abysse,https://cdn-images.farfetch-contents.com/15/64/16/31/15641631_30555223_300.jpg,USD,413
Kindsay low-top sneakers,Isabel Marant,https://cdn-images.farfetch-contents.com/16/13/44/32/16134432_30468579_300.jpg,USD,670
spiral skirt ,Off-White,https://cdn-images.farfetch-contents.com/16/13/38/23/16133823_30475769_300.jpg,USD,1065
printed mesh dress,GANNI,https://cdn-images.farfetch-contents.com/16/14/17/96/16141796_30471643_300.jpg,USD,325
