description,price,articlecode,category,color,brand
Tulle Dress,$ 349.00,0918109001,ladies_dresses_maxidresses,,H&M
Jacquard-patterned Shirt,$ 99.00,0935192001,ladies_shirtsblouses_shirts,,H&M
Lyocell-blend Dress,$ 149.00,0918126002,ladies_dresses_maxidresses,Powder beige/patterned,H&M
Jacquard-patterned Top,$ 149.00,0944484001,ladies_tops_offshouldertops,Powder beige/patterned,H&M
Short Necklace,$ 34.99,0908245001,ladies_accessories_jewellery_necklaces,Powder beige/patterned,H&M
Patterned Wrap-front Dress,$ 199.00,0918129001,Ladies_dresses_wrap,Black/patterned,H&M
Lyocell-blend Blouse,$ 79.99,0918138001,ladies_shirtsblouses_blouses,Powder beige/patterned,H&M
Short Velvet Dress,$ 129.00,0918123001,ladies_dresses_party,Black,H&M
Flower-brooch T-shirt,$ 39.99,0918130001,ladies_tops_shortsleeve,White/flower,H&M
Multifunctional Boots,$ 149.00,0908252001,Ladies_shoes_slipon,Black,H&M
Off-the-shoulder Dress,$ 299.00,0918128001,ladies_dresses_mididresses,Black,H&M
Sunglasses,$ 49.99,0908250001,ladies_accessories_sunglasses,Black,H&M
Flounced Rib-knit Sweater,$ 19.99,0931652002,ladies_cardigansjumpers_jumpers,Light beige,H&M
Ribbed Turtleneck Sweater,$ 34.99,0942986001,ladies_cardigansjumpers_jumpers,White,H&M
Knit Dress,$ 34.99,0924744001,ladies_dresses_shortdresses,Red/black plaid,H&M
Long Shirt Jacket,$ 49.99,0921073004,ladies_jacketscoats_shirtjackets,Red/black plaid,H&M
A-line Dress,$ 39.99,0939948004,ladies_dresses_aline,Light beige,H&M
Wide-leg Sequined Pants,$ 49.99,0931651001,ladies_trousers_highwaisted,Light beige,H&M
Pleated Dress,$ 59.99,0953949001,ladies_dresses_mididresses,Beige,H&M
Pleated Blouse,$ 39.99,0953951001,ladies_shirtsblouses_blouses,Beige,H&M
Button-back Dress,$ 59.99,0953950001,ladies_dresses_mididresses,Black,H&M
Oversized Shirt Jacket,$ 59.99,0908169004,ladies_jacketscoats_shirtjackets,Light beige,H&M
Cable-knit Turtleneck Sweater,$ 49.99,0937589001,ladies_cardigansjumpers_jumpers,Light beige melange,H&M
Fringe-trimmed Sequined Skirt,$ 39.99,0931424001,Ladies_skirts_highwaisted,Silver-colored,H&M
Embroidered Kaftan Dress,$ 99.00,0953948001,ladies_dresses_mididresses,Beige/patterned,H&M
Sweatshirt Dress,$ 24.99,0907149002,ladies_basics_dressesskirts,Dark gray,H&M
Cotton-blend Hoodie,$ 19.99,0925666013,ladies_hoodiesswetshirts_hoodies,Light gray,H&M
Cable-knit Sweater,$ 29.99,0931467001,ladies_cardigansjumpers_jumpers,Light beige,H&M
Fine-knit Hoodie,$ 34.99,0893369001,ladies_hoodiesswetshirts_hoodies,Dark gray melange,H&M
Oversized Jacket,$ 59.99,0904058002,ladies_jacketscoats_jackets,Black,H&M
Sequined Dress,$ 59.99,0932047002,ladies_dresses_mididresses,Black,H&M
Faux Fur-trimmed Coat,$ 79.99,0850395003,ladies_jacketscoats_coats,Light purple,H&M
Knit Sweater,$ 29.99,0893133002,ladies_cardigansjumpers_jumpers,Beige,H&M
Relaxed Fit Sweatshirt,$ 39.99,0939550001,ladies_hoodiesswetshirts_sweatshirts,Beige,H&M
Rib-knit Sweater,$ 19.99,0937525001,ladies_cardigansjumpers_jumpers,Light taupe,H&M
Eyelet Embroidery Dress,$ 79.99,0938286002,ladies_shirtsblouses_tunics,Gray,H&M
Calf-length Skirt,$ 29.99,0950161002,Ladies_skirts_highwaisted,Light beige,H&M
Cotton-blend Sweatshirt,$ 14.99,0946748008,ladies_hoodiesswetshirts_sweatshirts,Dark pink,H&M
Puffer Coat,$ 79.99,0926237001,ladies_jacketscoats_coats,Black,H&M
Short Sequined Dress,$ 49.99,0940715004,ladies_dresses_bodycon,Black,H&M
Jacquard-knit Dress,$ 49.99,0905941002,ladies_dresses_shortdresses,Beige melange,H&M
Knit Cardigan,$ 29.99,0920366006,ladies_cardigansjumpers_cardigans,Black,H&M
Fine-knit Turtleneck Sweater,$ 14.99,0673677030,ladies_knitwear_turtlenecks,Light taupe,H&M
Hooded Faux Shearling Jacket,$ 29.99,0913699001,ladies_jacketscoats_jackets,Light beige,H&M
Eyelet Embroidery Blouse,$ 59.99,0938169001,ladies_shirtsblouses_blouses,Black,H&M
Joggers,$ 17.99,0923134030,ladies_trousers_joggers,Dark pink,H&M
Knit Alpaca-blend Sweater,$ 59.99,0944493006,ladies_cardigansjumpers_jumpers,Heather purple,H&M
Sequined Dress,$ 59.99,0932047001,ladies_dresses_mididresses,Light beige/silver-colored,H&M
Shimmering Satin Dress,$ 39.99,0929002002,Ladies_dresses_wrap,Black,H&M
Tie-detail Knit Sweater,$ 24.99,0920138002,ladies_cardigansjumpers_jumpers,Black,H&M
Puff-sleeved Wrap Dress,$ 49.99,0957932001,Ladies_dresses_wrap,Black,H&M
Fine-knit Gloves,$ 12.99,0754758001,ladies_accessories_gloves,Black,H&M
Fine-knit Hoodie,$ 34.99,0893369002,ladies_hoodiesswetshirts_hoodies,Beige melange,H&M
Sequined Blouse,$ 34.99,0927893002,ladies_shirtsblouses_blouses,Light beige/silver-colored,H&M
Fringe-covered Cardigan,$ 34.99,0924770001,ladies_cardigansjumpers_cardigans,Black,H&M
Oversized Baseball Jacket,$ 59.99,0924528002,ladies_jacketscoats_jackets,Light gray,H&M
Ruffled-collar Dress,$ 34.99,0921433004,ladies_dresses_shortdresses,Red/black checked,H&M
Shoulder Bag with Pouch Bag,$ 24.99,0916750001,ladies_accessories_bags_shouldercrossbags,Black,H&M
Tuxedo Jacket,$ 49.99,0943454002,ladies_blazers,Light beige,H&M
H&M+ Satin Blouse,$ 17.99,0955783002,ladies_plus_shirtsblouses,Powder pink,H&M
Seamless Yoga Jumpsuit,$ 29.99,0916537001,,Black,H&M
Ankle Boots,$ 39.99,0901811003,ladies_shoes_ankle_boots,Black/elastic,H&M
Embroidered Velour Dress,$ 39.99,0943919001,ladies_dresses_shortdresses,Black/flowers,H&M
Boxy Puffer Jacket,$ 39.99,0867994009,ladies_jacketscoats_jackets,Silver-colored,H&M
Cropped Sequined Top,$ 29.99,0940702001,ladies_tops_croppedtops,Black,H&M
Knit Pants,$ 19.99,0943274002,ladies_trousers_highwaisted,Light taupe,H&M
Satin Pajamas,$ 24.99,0913251001,ladies_nightwear_pyjamas,Gray,H&M
Jersey Pajamas,$ 24.99,0943953001,ladies_nightwear_pyjamas,Red/Mickey Mouse,H&M
H&M+ Barrel Leg High Jeans,$ 34.99,0911715001,ladies_plus_jeans,Denim blue,H&M
Wide-cut Satin Pants,$ 34.99,0966701001,ladies_trousers_highwaisted,Black,H&M
3-pack Brazilian Briefs,$ 12.99,0882810003,ladies_lingerie_briefsknickers_brazilian,Black,H&M
Shimmering Dress,$ 39.99,0931968001,ladies_dresses_aline,Silver-colored,H&M
Bouclé Skirt,$ 24.99,0941375002,Ladies_skirts_highwaisted,Black/houndstooth-patterned,H&M
Jacquard-knit Sweater,$ 34.99,0874823003,ladies_cardigansjumpers_jumpers,Red,H&M
Knit Cropped Top,$ 17.99,0944644001,ladies_tops_croppedtops,Light beige,H&M
Leather Gloves,$ 24.99,0931174002,ladies_accessories,Black,H&M
Knit Joggers,$ 34.99,0937565002,ladies_trousers_highwaisted,Gray melange,H&M
One-shoulder Turtleneck,$ 29.99,0930336002,ladies_cardigansjumpers_jumpers,Light gray melange,H&M
Gathered Top,$ 29.99,0928917004,ladies_tops_longsleeve,Dark beige,H&M
Patent Bag,$ 29.99,0919553001,ladies_accessories_bags_shouldercrossbags,Black,H&M
Off-the-shoulder Sweater,$ 29.99,0932141002,ladies_tops_longsleeve,Beige melange,H&M
Chiffon Dress,$ 29.99,0908729008,ladies_dresses_aline,Powder pink,H&M
Long-sleeved Sequined Dress,$ 24.99,0924743001,ladies_dresses_party,Dark purple,H&M
Mom High Ankle Jeans,$ 29.99,0714790039,ladies_jeans_loose,Denim blue,H&M
Faux Shearling-lined Slippers,$ 29.99,0952165001,ladies_nightwear_slippers,Dark gray,H&M
Chain-detail Slingbacks,$ 29.99,0906647001,ladies_shoes_ballerinas_flats,Black,H&M
Faux Leather Utility Pants,$ 34.99,0901582001,ladies_trousers_cargo,Black,H&M
Jacquard-knit Sweater,$ 34.99,0874823009,ladies_cardigansjumpers_jumpers,Dark blue/patterned,H&M
Draped Mini Skirt,$ 24.99,0931842001,ladies_skirts_shortskirts,Black,H&M
Knit Cardigan,$ 19.99,0929667002,ladies_cardigansjumpers_cardigans,Gray melange,H&M
Puff-sleeved Peplum Blouse,$ 19.99,0886560001,ladies_shirtsblouses_blouses,Black,H&M
Puff-sleeved Peplum Blouse,$ 19.99,0886560003,ladies_shirtsblouses_blouses,Light pink,H&M
Puff-sleeved Dress,$ 19.99,0915625002,ladies_dresses_aline,Beige/leopard print,H&M
Slit-front Sequined Skirt,$ 29.99,0959301001,ladies_skirts_midiskirts,Black,H&M
Fluffy Sweater,$ 29.99,0902436002,ladies_cardigansjumpers_jumpers,Beige,H&M
Tie-detail Knit Sweater,$ 24.99,0920138001,ladies_cardigansjumpers_jumpers,Cream,H&M
Beaded Sweater,$ 24.99,0906903002,ladies_cardigansjumpers_jumpers,Light pink,H&M
Lace-trimmed Ribbed Bodysuit,$ 24.99,0922359002,ladies_tops_bodys,Powder pink,H&M
Faux Leather Wrap-front Skirt,$ 24.99,0956254001,Ladies_skirts_wrap,Black,H&M
Bead-detail Ribbed Sweater,$ 24.99,0903688001,ladies_cardigansjumpers_jumpers,Black/rhinestones,H&M
Flared Velour Leggings,$ 12.99,0943152002,ladies_trousers_leggings,Cream,H&M
Sequined Leggings,$ 24.99,0946803001,ladies_trousers_leggings,Black,H&M
T-shirt Dress,$ 24.99,0946800003,ladies_dresses_shortdresses,Black/chain,H&M
Boxy Hoodie,$ 24.99,0932710001,ladies_hoodiesswetshirts_hoodies,Red/Sleigh All Day,H&M
Cotton Shirt,$ 17.99,0871517021,ladies_shirtsblouses_shirts,Mint green/black plaid,H&M
7-pack Brazilian Briefs,$ 17.99,0889133008,ladies_lingerie_briefsknickers_brazilian,Blue/light gray melange,H&M
Mesh Dress,$ 17.99,0949587001,ladies_dresses_mididresses,Black,H&M
Balloon-sleeved Shirt,$ 17.99,0898107006,ladies_shirtsblouses_shirts,Black,H&M
Printed T-shirt,$ 17.99,0896700029,ladies_tops_printed_tshirts,Dark gray/The Rolling Stones,H&M
Faux Fur Slippers,$ 17.99,0929640011,ladies_nightwear_slippers,Gray,H&M
Joggers,$ 17.99,0923134013,ladies_trousers_joggers,Bright green,H&M
Bodycon Dress,$ 12.99,0902486004,ladies_dresses_bodycon,Black,H&M
Balloon-sleeved Wrap Dress,$ 19.99,0924741001,Ladies_dresses_wrap,Black,H&M
Sweetheart-neckline Top,$ 29.99,0929666002,ladies_tops_longsleeve,Black,H&M
Fitted Ribbed Dress,$ 17.99,0784208005,ladies_dresses_shortdresses,Dark gray,H&M
Flared Pants,$ 24.99,0936395001,ladies_trousers_flare,Black,H&M
Cotton-blend Sweatshirt,$ 9.99,0874113009,ladies_hoodiesswetshirts_sweatshirts,Cream,H&M
H&M+ Patterned Leggings,$ 17.99,0920005002,ladies_plus_bottoms,Black/Star Wars,H&M
H&M+ Joggers,$ 17.99,0890364001,ladies_plus_bottoms,Dark pink,H&M
High Waist Joggers,$ 17.99,0931525003,ladies_trousers_highwaisted,Light gray melange/Mind & Body,H&M
Slip-in Sandals,$ 24.99,0940560001,ladies_shoes_pumps_highheels,Black,H&M
Cotton-blend Joggers,$ 24.99,0928523001,ladies_trousers_highwaisted,Light beige melange,H&M
T-shirt and Leggings,$ 24.99,0876284004,ladies_nightwear_pyjamas,Dark blue/Fantasia,H&M
V-neck Dress,$ 24.99,0949217001,Ladies_dresses_wrap,Black,H&M
Brushed-finish Scarf,$ 17.99,0921829007,ladies_accessories_scarves,Red,H&M
Knit Cardigan,$ 19.99,0929667003,ladies_cardigansjumpers_cardigans,Ice gray,H&M
Boat-neck Sweater,$ 19.99,0944018002,ladies_cardigansjumpers_cardigans,Light beige melange,H&M
Ribbed Cardigan,$ 14.99,0922109001,ladies_cardigansjumpers_cardigans,Black,H&M
Knit Cardigan,$ 19.99,0929667001,ladies_cardigansjumpers_cardigans,Black,H&M
Printed Sweatshirt,$ 14.99,0927958003,ladies_hoodiesswetshirts_sweatshirts,Black,H&M
Draped Skirt,$ 17.99,0885985001,ladies_skirts_shortskirts,Black,H&M
T-shirt and Leggings,$ 24.99,0876284002,ladies_nightwear_pyjamas,Gray/Aristocats,H&M
Ruffled Cotton Shirt,$ 24.99,0933676001,ladies_shirtsblouses_shirts,White,H&M
Smock-detail Dress,$ 24.99,0918905002,ladies_dresses_party,Red,H&M
Draped Glittery Dress,$ 24.99,0949984002,ladies_dresses_party,Black/glittery dots,H&M
H&M+ Printed Sweatshirt,$ 14.99,0927348002,ladies_hoodiesswetshirts_sweatshirts,Black,H&M
Satin Blouse,$ 17.99,0938580004,ladies_shirtsblouses_blouses,Powder pink,H&M
Studded Sweater,$ 19.99,0874372005,ladies_cardigansjumpers_jumpers,Light gray,H&M
Earrings,$ 12.99,0892930003,ladies_accessories_jewellery_earrings,Purple,H&M
3-pack Lace Thong Briefs,$ 12.99,0924596001,,Black/leopard patterned,H&M
Short Top,$ 12.99,0948225001,ladies_tops_croppedtops,Black/sequins,H&M
Ribbed Leg Warmers,$ 12.99,0822101005,ladies_sport_sportaccessories,Light pink,H&M
Graphic-design Hoodie,$ 17.99,0926692001,ladies_hoodiesswetshirts_hoodies,Light gray melange/Mind & Body,H&M
iPhone Case,$ 12.99,0944642001,ladies_accessories_mobileaccessories,Light beige/Mickey Mouse,H&M
Knit Sweater,$ 9.99,0902518019,ladies_cardigansjumpers_jumpers,Green,H&M
Smocked Chiffon Top,$ 17.99,0963457002,ladies_tops_longsleeve,White,H&M
Knit Sweater,$ 9.99,0902518013,ladies_cardigansjumpers_jumpers,White,H&M
Short Cardigan,$ 24.99,0946631002,ladies_cardigansjumpers_cardigans,Neon green,H&M
Leggings High Waist,$ 17.99,0963007001,ladies_trousers_leggings,Black,H&M
V-neck Top,$ 17.99,0940619001,ladies_tops,Black,H&M
Flower Earrings,$ 14.99,0961827001,,Black,H&M
Metal Hair Claw,$ 5.99,0902830001,ladies_accessories_hairaccessories,Gold-colored,H&M
Knit Pants,$ 19.99,0943274004,ladies_trousers_highwaisted,Cream,H&M
Knit Pants,$ 19.99,0943274003,ladies_trousers_highwaisted,Camel,H&M
Knit Pants,$ 19.99,0943274001,ladies_trousers_highwaisted,Black,H&M
Joggers,$ 17.99,0923134014,ladies_trousers_joggers,Light gray,H&M
Cotton-blend Sweatshirt,$ 9.99,0874113032,ladies_hoodiesswetshirts_sweatshirts,Light pink,H&M
Joggers,$ 17.99,0923134012,ladies_trousers_joggers,Burgundy,H&M
Chunky-knit Turtleneck Sweater,$ 29.99,0842245004,ladies_knitwear_turtlenecks,Light gray melange,H&M
Oversized Shirt Jacket,$ 59.99,0908169002,ladies_jacketscoats_shirtjackets,Black,H&M
Cotton-blend Sweatshirt,$ 9.99,0874113033,ladies_hoodiesswetshirts_sweatshirts,Black,H&M
Hoodie,$ 17.99,0715624067,ladies_hoodiesswetshirts_hoodies,Mint green/Love,H&M
Ribbed Turtleneck Sweater,$ 34.99,0942986002,ladies_cardigansjumpers_jumpers,Red,H&M
Knit Sweater,$ 24.99,0914951002,ladies_cardigansjumpers_jumpers,Heather purple,H&M
Wool-blend Coat,$ 69.99,0897199002,ladies_jacketscoats_coats,Light beige,H&M
Rib-knit Sweater,$ 19.99,0937525002,ladies_cardigansjumpers_jumpers,Camel,H&M
Cotton-blend Hoodie,$ 19.99,0925666012,ladies_hoodiesswetshirts_hoodies,Purple,H&M
Rib-knit Sweater,$ 19.99,0937525003,ladies_cardigansjumpers_jumpers,Cream,H&M
Studded Sweater,$ 19.99,0874372003,ladies_cardigansjumpers_jumpers,Light beige melange,H&M
Knit Joggers,$ 34.99,0937565001,ladies_trousers_highwaisted,Light beige,H&M
Knit Sweater,$ 9.99,0902518020,ladies_cardigansjumpers_jumpers,Brown,H&M
Flared Velour Leggings,$ 12.99,0943152001,ladies_trousers_leggings,Black,H&M
A-line Dress,$ 39.99,0939948006,ladies_dresses_aline,Bright red,H&M
A-line Dress,$ 39.99,0939948003,ladies_dresses_aline,Light purple,H&M
Wool-blend Coat,$ 69.99,0889564002,ladies_jacketscoats_coats,Red,H&M
Joggers High Waist,$ 24.99,0759814044,ladies_trousers_joggers,Mint green,H&M
Puff-sleeved Cropped Top,$ 19.99,0933675002,ladies_tops_croppedtops,Red,H&M
Wool-blend Coat,$ 69.99,0897199003,ladies_jacketscoats_coats,Light green,H&M
Shirt Dress,$ 34.99,0930876001,ladies_dresses_shirt,Cream/black patterned,H&M
Knit Sweater,$ 24.99,0914951001,ladies_cardigansjumpers_jumpers,White,H&M
High Waist Joggers,$ 17.99,0931525004,ladies_trousers_highwaisted,Mint green/smiling face,H&M
Fitted Ribbed Dress,$ 17.99,0784208006,ladies_dresses_shortdresses,Beige,H&M
Hooded Puffer Jacket,$ 49.99,0870961002,ladies_jacketscoats_jackets,Dark gray,H&M
Flared Velour Leggings,$ 12.99,0943152003,ladies_trousers_leggings,Dusty rose,H&M
Wool-blend Coat,$ 69.99,0889564001,ladies_jacketscoats_coats,Black,H&M
Joggers,$ 17.99,0923134015,ladies_trousers_joggers,Purple,H&M
Glittery-dot Mesh Dress,$ 49.99,0934769001,ladies_dresses_party,Black/gold-colored dots,H&M
Mesh Dress,$ 17.99,0924878002,ladies_dresses_party,Red,H&M
Studded Sweater,$ 19.99,0874372001,ladies_cardigansjumpers_jumpers,Black,H&M
Calf-length Dress,$ 29.99,0928277004,ladies_dresses_mididresses,Light beige,H&M
Stand-up-collar Puffer Jacket,$ 49.99,0914363004,ladies_jacketscoats_jackets,Powder pink,H&M
Jacquard-knit Sweater,$ 34.99,0874823008,ladies_cardigansjumpers_jumpers,Light beige,H&M
Draped Top,$ 19.99,0898109004,ladies_tops_longsleeve,White,H&M
Smock-detail Dress,$ 24.99,0838834008,ladies_dresses_shortdresses,Light purple,H&M
Cotton-blend Sweatshirt,$ 14.99,0946748009,ladies_hoodiesswetshirts_sweatshirts,Burgundy,H&M
Knit Turtleneck Dress,$ 39.99,0944011001,ladies_dresses_mididresses,Light beige melange,H&M
Ribbed Top,$ 19.99,0927949002,ladies_tops_longsleeve,Light gray melange,H&M
Faux Leather Pants,$ 29.99,0897738005,ladies_trousers_highwaisted,Powder beige,H&M
High Waist Joggers,$ 17.99,0931525002,ladies_trousers_highwaisted,Black/NASA,H&M
Faux Leather Dress,$ 34.99,0929042003,ladies_dresses_aline,Light beige,H&M
Puff-sleeved Satin Dress,$ 29.99,0935108002,ladies_dresses_party,Bright red,H&M
Wool-blend Cable-knit Sweater,$ 49.99,0937594001,ladies_cardigansjumpers_jumpers,Cream,H&M
Collared Sweater,$ 29.99,0934039003,ladies_cardigansjumpers_jumpers,Cream,H&M
Lace Bodysuit,$ 17.99,0958172002,ladies_tops_bodys,Red,H&M
Faux-pearl-strap Dress,$ 29.99,0920261001,ladies_dresses_bodycon,Black,H&M
Off-the-shoulder Sweater,$ 29.99,0932141004,ladies_tops_longsleeve,Black,H&M
Sweater,$ 24.99,0912655001,ladies_cardigansjumpers_jumpers,Light beige,H&M
Satin Kaftan Dress,$ 59.99,0936252003,ladies_dresses_maxidresses,Light gray,H&M
Pleated Skirt,$ 39.99,0851400025,ladies_skirts_midiskirts,Deep red,H&M
Faux Fur Coat,$ 79.99,0891598003,ladies_jacketscoats_coats,Dark beige,H&M
Hoodie,$ 24.99,0794575040,ladies_hoodiesswetshirts_hoodies,Mint green,H&M
Stand-up Collar Blouse,$ 39.99,0954366001,ladies_shirtsblouses_blouses,Beige/patterned,H&M
Large-collared Dress,$ 39.99,0923438001,ladies_dresses_shortdresses,Red/floral,H&M
Open-backed Top,$ 24.99,0903578001,ladies_tops_longsleeve,Black,H&M
Flounced Skirt,$ 24.99,0842028009,Ladies_skirts_a-line,Black/white,H&M
Knit Cardigan,$ 17.99,0687524022,ladies_knitwear_cardigans,Heather purple,H&M
T-shirt and Leggings,$ 24.99,0876284005,ladies_nightwear_pyjamas,Red/Mickey Mouse,H&M
Faux Leather Leggings,$ 24.99,0908451001,ladies_trousers_leggings,Black,H&M
Platform Chelsea-style Boots,$ 39.99,0927172005,ladies_shoes_ankle_boots,Black/patent,H&M
Bodycon Dress,$ 12.99,0902486005,ladies_dresses_bodycon,Red,H&M
Jacquard-knit Sweater,$ 34.99,0874823005,ladies_cardigansjumpers_jumpers,White,H&M
Lace-trimmed Ribbed Bodysuit,$ 24.99,0922359001,ladies_tops_bodys,Black,H&M
Cotton Flannel Shirt,$ 24.99,0886350005,ladies_shirtsblouses_shirts,Black/plaid,H&M
Cropped Off-the-shoulder Top,$ 24.99,0920937002,ladies_tops_longsleeve,Red,H&M
Puff-sleeved Dress,$ 17.99,0943347003,ladies_dresses_shortdresses,Light pink,H&M
Ribbed Jersey Pajamas,$ 17.99,0926996001,ladies_nightwear_pyjamas,Light gray melange,H&M
Cotton-blend Sweatpants,$ 17.99,0932722006,ladies_trousers_highwaisted,White,H&M
Velour Dress,$ 17.99,0928254003,ladies_dresses_party,Red,H&M
Collared Rib-knit Sweater,$ 34.99,0924751001,ladies_cardigansjumpers_jumpers,White,H&M
Fringe-covered Cardigan,$ 34.99,0924770002,ladies_cardigansjumpers_cardigans,Red,H&M
Oversized Printed T-shirt,$ 17.99,0762558073,ladies_tops_tshirts,Dark gray/Bambi,H&M
Smock-detail Dress,$ 24.99,0838834007,ladies_dresses_shortdresses,Black/gray floral,H&M
Sweater,$ 24.99,0912655002,ladies_cardigansjumpers_jumpers,Light gray melange,H&M
Platform Boots,$ 39.99,0916256022,ladies_shoes_boots,Dark khaki green,H&M
Skater Skirt,$ 17.99,0729928027,ladies_skirts_shortskirts,Dark blue/plaid,H&M
Lace Bodysuit,$ 17.99,0958172001,ladies_tops_bodys,Black,H&M
T-shirt with Motif,$ 12.99,0762470121,ladies_tops_shortsleeve,White/Minnie Mouse,H&M
Chiffon Dress,$ 34.99,0934148001,,Black,H&M
Faux Fur Jacket,$ 79.99,0912720005,ladies_jacketscoats_jackets,Dusty rose,H&M
Fitted Dress,$ 24.99,0956454001,ladies_dresses_party,Black,H&M
Ribbed Top,$ 19.99,0927949001,ladies_tops_longsleeve,Black,H&M
Smocked Tunic,$ 59.99,0938168001,ladies_shirtsblouses_tunics,Black,H&M
Sequined Shirt,$ 34.99,0946944001,ladies_shirtsblouses_shirts,Black,H&M
Oversized Printed T-shirt,$ 17.99,0874118032,ladies_tops_printed_tshirts,White/Fantasia,H&M
Puff-sleeved Cropped Top,$ 19.99,0933675001,ladies_tops_croppedtops,Black,H&M
Calf-length Skirt,$ 29.99,0923460003,Ladies_skirts_highwaisted,Black/white dotted,H&M
Puffer Coat,$ 79.99,0926237002,ladies_jacketscoats_coats,Khaki green,H&M
V-neck Dress,$ 19.99,0874587008,ladies_dresses_shortdresses,Light beige,H&M
Long-sleeved Sequined Dress,$ 49.99,0926805001,ladies_dresses_party,Light beige,H&M
Pajama T-shirt and Shorts,$ 24.99,0877102001,ladies_nightwear_pyjamas,Pink/Pink Panther,H&M
Padded Hooded Jacket,$ 49.99,0884024005,ladies_jacketscoats_jackets,Light pink,H&M
Short Cardigan,$ 24.99,0946631001,ladies_cardigansjumpers_cardigans,White,H&M
Fine-knit Sweater,$ 24.99,0927589001,ladies_cardigansjumpers_jumpers,Charcoal gray,H&M
Sequined Dress,$ 69.99,0934765001,ladies_dresses_sequin,Gold-colored,H&M
Long-sleeved Sequined Dress,$ 49.99,0926805002,ladies_dresses_party,Black,H&M
Bustier,$ 17.99,0922355005,,Powder pink,H&M
Puff-sleeved Dress,$ 17.99,0943347005,ladies_dresses_shortdresses,Black,H&M
Puff-sleeved Satin Dress,$ 39.99,0940453002,ladies_dresses_mididresses,Powder pink,H&M
Flounce-trimmed Sweater,$ 24.99,0928236001,ladies_cardigansjumpers_jumpers,Light pink,H&M
Double-breasted Bouclé Jacket,$ 49.99,0935317001,,Black/beige checked,H&M
Faux Fur Coat,$ 59.99,0889600001,ladies_jacketscoats_coats,White,H&M
Calf-length Skirt,$ 29.99,0950161003,Ladies_skirts_highwaisted,Light purple,H&M
H&M+ Printed Sweatshirt,$ 29.99,0882588005,ladies_hoodiesswetshirts_sweatshirts,Black/Fantasia,H&M
Sequin-embellished Sweater,$ 24.99,0937715001,ladies_cardigansjumpers_jumpers,Red/penguins,H&M
Lace Top,$ 24.99,0920541001,ladies_tops_longsleeve,Black,H&M
Slacks,$ 34.99,0896064013,ladies_trousers_chinosslacks,Light blue,H&M
One-shoulder Turtleneck,$ 29.99,0930336001,ladies_cardigansjumpers_jumpers,Black,H&M
High-collared Fleece Top,$ 29.99,0903508001,ladies_sport_tops_longsleeve,Dark beige,H&M
Drawstring-waist Puffer Jacket,$ 49.99,0886553003,ladies_jacketscoats_jackets,Light blue-gray,H&M
H&M+ Flannel Pajamas,$ 34.99,0907208001,ladies_nightwear_pyjamas,Natural white/plaid,H&M
Beaded Cable-knit Sweater,$ 49.99,0943782001,ladies_cardigansjumpers_jumpers,Light beige,H&M
Wool Turtleneck Sweater,$ 69.99,0932468006,ladies_cardigansjumpers_jumpers,Gray,H&M
Turtleneck Sweater with Brooch,$ 34.99,0937531001,ladies_cardigansjumpers_jumpers,Gray melange,H&M
Open-backed Top,$ 24.99,0903578002,ladies_tops_longsleeve,Red,H&M
Sequin-embellished Sweater,$ 24.99,0937715003,ladies_cardigansjumpers_jumpers,Light gray/Ho Ho,H&M
Pleated Skirt,$ 24.99,0869379004,Ladies_skirts_highwaisted,Red,H&M
Sequin-embellished Sweater,$ 24.99,0937715002,ladies_cardigansjumpers_jumpers,White/brussels sprout,H&M
Belted Dress,$ 49.99,0927536002,ladies_dresses_mididresses,Deep red,H&M
Rib-knit Sweater,$ 34.99,0931455002,ladies_cardigansjumpers_jumpers,Bright red,H&M
Drawstring Sweatshirt,$ 24.99,0927969003,ladies_hoodiesswetshirts_sweatshirts,Light blue/moons,H&M
Collared Rib-knit Sweater,$ 34.99,0924751003,ladies_cardigansjumpers_jumpers,Dark green,H&M
Fine-knit Sweater,$ 24.99,0927589002,ladies_cardigansjumpers_jumpers,Light gray melange,H&M
Fine-knit Sweater,$ 14.99,0867948012,ladies_cardigansjumpers_jumpers,Cream,H&M
Faux Leather Pants,$ 29.99,0928712002,ladies_trousers_highwaisted,Black,H&M
Tie-detail Dress,$ 34.99,0926729003,ladies_dresses_shortdresses,Dark sage green,H&M
Taffeta Skirt,$ 24.99,0924314001,Ladies_skirts_highwaisted,Black,H&M
Pajama Shirt and Pants,$ 24.99,0939137002,,Light gray melange/avocados,H&M
Calf-length Skirt,$ 29.99,0950161001,Ladies_skirts_highwaisted,Beige/leopard print,H&M
Printed Sweatshirt,$ 14.99,0927958002,ladies_hoodiesswetshirts_sweatshirts,Red/Coca-Cola,H&M
Faux Shearling Hoodie,$ 24.99,0869872002,ladies_hoodiesswetshirts_hoodies,Beige,H&M
Fine-knit Sweater,$ 29.99,0913272006,ladies_cardigansjumpers_jumpers,Burgundy,H&M
Knit Hat,$ 12.99,0756099021,ladies_accessories_hatsscarvesgloves_hats,Dark plum purple,H&M
Sequined Jacket Dress,$ 34.99,0918913001,,Black,H&M
Puff-sleeved Dress,$ 17.99,0943347004,ladies_dresses_shortdresses,Silver-colored,H&M
Sequined Mesh Dress,$ 69.99,0938691001,ladies_dresses_mididresses,Pigeon blue,H&M
Puff-sleeved Dress,$ 17.99,0928352001,ladies_dresses_party,Black,H&M
Patterned Blouse,$ 24.99,0930380004,ladies_shirtsblouses_blouses,Black/gold-colored pattern,H&M
Turtleneck Sweater,$ 34.99,0937538002,ladies_cardigansjumpers_jumpers,Cream,H&M
Jersey Dress,$ 29.99,0902163003,ladies_dresses_shortdresses,Red,H&M
H&M+ Chiffon Dress,$ 49.99,0800726003,ladies_plus_dresses,Black/gold-colored dots,H&M
Super Skinny High Jeans,$ 19.99,0706016061,ladies_jeans_skinny_skinnyhigh,Black/coating,H&M
Turtleneck Sweater,$ 29.99,0927590001,ladies_cardigansjumpers_jumpers,Black,H&M
H&M+ Printed Sweatshirt,$ 29.99,0882588007,ladies_hoodiesswetshirts_sweatshirts,Black/The Powerpuff Girls,H&M
Embroidered Velour Pajamas,$ 34.99,0926555001,ladies_nightwear_pyjamas,White/Mickey Mouse,H&M
Slit-front Dress,$ 29.99,0920259001,ladies_dresses_mididresses,Black,H&M
Chiffon Dress,$ 29.99,0908729009,ladies_dresses_aline,Light beige/pink floral,H&M
Puffer Jacket,$ 69.99,0934256002,ladies_jacketscoats_jackets,Dark red,H&M
Faux Shearling-lined Slippers,$ 29.99,0952165003,ladies_nightwear_slippers,Light beige,H&M
Knit Alpaca-blend Sweater,$ 59.99,0944493005,ladies_cardigansjumpers_jumpers,Beige melange,H&M
Ribbed Pants,$ 24.99,0951374002,ladies_trousers,Light beige,H&M
Faux Fur-collar Jacket,$ 69.99,0916966002,ladies_jacketscoats_jackets,Black,H&M
Glittery Sweater,$ 29.99,0782446006,ladies_knitwear_jumpers,Light purple/glittery,H&M
Glittery Sweater,$ 17.99,0902430001,ladies_cardigansjumpers_jumpers,Black,H&M
Padded Hooded Jacket,$ 49.99,0884024003,ladies_jacketscoats_jackets,Black,H&M
Puff-sleeved Dress,$ 17.99,0928352003,ladies_dresses_party,Black,H&M
Ruffled Ribbed Sweater,$ 24.99,0878604005,ladies_cardigansjumpers_jumpers,Dark red,H&M
Warm-lined Boots,$ 34.99,0930919001,ladies_shoes,Beige,H&M
Sequined Skirt,$ 24.99,0927252005,Ladies_skirts_highwaisted,Dark purple,H&M
Glittery Top,$ 17.99,0930478001,ladies_tops_longsleeve,Black/glittery dots,H&M
Appliquéd Dress,$ 59.99,0927532001,ladies_dresses,White,H&M
Pleated Blouse,$ 39.99,0953951003,ladies_shirtsblouses_blouses,Cream,H&M
Knee-high Boots,$ 69.99,0894528002,ladies_shoes_boots,Burgundy,H&M
Flounce-trimmed Sweater,$ 24.99,0928236002,ladies_cardigansjumpers_jumpers,Light gray melange,H&M
Flannel Nightshirt,$ 24.99,0955473001,ladies_nightwear_pyjamas,Red/green plaid,H&M
22-pack Rings,$ 14.99,0961782001,ladies_accessories_jewellery_rings,Gold-colored,H&M
Puff-sleeved Dress,$ 17.99,0928352002,ladies_dresses_party,Red,H&M
Lace-detail Plumeti Dress,$ 39.99,0920678002,ladies_dresses_lace,Black,H&M
Drawstring-waist Puffer Jacket,$ 49.99,0886553001,ladies_jacketscoats_jackets,Yellow-green,H&M
Belted Dress,$ 49.99,0927536001,ladies_dresses_mididresses,Dark gray/floral,H&M
Satin Blouse,$ 34.99,0926802002,ladies_shirtsblouses_blouses,Black/flowers,H&M
Turtleneck Sweater with Brooch,$ 34.99,0937531003,ladies_cardigansjumpers_jumpers,Light taupe,H&M
Shimmering Satin Dress,$ 39.99,0929002001,Ladies_dresses_wrap,Red,H&M
Silk-blend Dress,$ 199.00,0917833002,ladies_dresses_mididresses,Light beige,H&M
Sweetheart-neckline Dress,$ 39.99,0940451001,ladies_dresses_shortdresses,Black,H&M
Lace-trimmed Blouse,$ 29.99,0903431003,ladies_shirtsblouses_blouses,White,H&M
Wide Lyocell Pajama Pants,$ 29.99,0949650001,,Light beige/striped,H&M
Puffer Jacket,$ 69.99,0934256001,ladies_jacketscoats_jackets,Black,H&M
Ribbed Top,$ 29.99,0951375003,ladies_tops_longsleeve,Light beige melange,H&M
Turtleneck Sweater,$ 34.99,0937538003,ladies_cardigansjumpers_jumpers,Light gray melange,H&M
Cropped Off-the-shoulder Top,$ 24.99,0920937001,ladies_tops_longsleeve,Black,H&M
Balloon-sleeved Shirt,$ 17.99,0898107008,ladies_shirtsblouses_shirts,Black/floral,H&M
T-shirt with Motif,$ 12.99,0762470179,ladies_tops_shortsleeve,Dark gray/Coca-Cola,H&M
Knit Alpaca-blend Sweater,$ 59.99,0944493002,ladies_cardigansjumpers_jumpers,Red melange,H&M
Beaded Sweater,$ 24.99,0906903001,ladies_cardigansjumpers_jumpers,Black,H&M
Wide-cut Pants,$ 49.99,0936428004,ladies_trousers_highwaisted,Black,H&M
Glittery Top,$ 17.99,0949265001,ladies_tops_shortsleeve,Black/dotted,H&M
Leggings,$ 17.99,0783302003,ladies_trousers_leggings,Red/black plaid,H&M
Calf-length Dress,$ 59.99,0926440002,ladies_dresses_mididresses,Brown/leopard print,H&M
Oversized Cotton Hoodie,$ 34.99,0913804002,ladies_sport_tops_longsleeve,Black,H&M
Wool-blend Sweater,$ 29.99,0927925003,ladies_cardigansjumpers_jumpers,Red,H&M
V-neck Dress,$ 29.99,0923522002,Ladies_dresses_wrap,Black,H&M
Fine-knit Sweater,$ 29.99,0926745003,ladies_cardigansjumpers_jumpers,Deep red,H&M
Smock-detail Dress,$ 24.99,0918905003,ladies_dresses_party,Black/floral,H&M
Flounce-trimmed Cardigan,$ 34.99,0923719002,ladies_cardigansjumpers_cardigans,Cream,H&M
Quilted Puffer Jacket,$ 49.99,0926397001,ladies_jacketscoats_jackets,Mint green,H&M
Drawstring Sweatshirt,$ 24.99,0927969001,ladies_hoodiesswetshirts_sweatshirts,Black/Detroit,H&M
Satin Blouse,$ 34.99,0926802001,ladies_shirtsblouses_blouses,Light beige/beads,H&M
Wool Sweater with Collar,$ 69.99,0934250001,ladies_cardigansjumpers_jumpers,Gray melange,H&M
Pleated Dress,$ 49.99,0911521003,ladies_dresses_aline,Black,H&M
Printed Sweatshirt Dress,$ 29.99,0889051003,ladies_dresses_shortdresses,Charcoal gray/Aristocats,H&M
Long Cardigan,$ 39.99,0948210001,ladies_cardigansjumpers_cardigans,Beige melange,H&M
7-pack Cotton Thong Briefs,$ 14.99,0748355022,ladies_lingerie_briefsknickers_thong,Mint green/leopard print,H&M
Shirt Dress,$ 34.99,0930876003,ladies_dresses_shirt,Black,H&M
Puff-sleeved Dress,$ 34.99,0939927004,ladies_dresses_shortdresses,Natural white/dotted,H&M
Wool Turtleneck Sweater,$ 69.99,0932468005,ladies_cardigansjumpers_jumpers,Dark brown,H&M
Ribbed Chain-detail Bodysuit,$ 24.99,0951722001,ladies_tops_bodys,Black,H&M
T-shirt with Motif,$ 12.99,0762470140,ladies_tops_shortsleeve,Red/Coca-Cola,H&M
Ribbed Cardigan,$ 17.99,0936579001,ladies_cardigansjumpers_cardigans,Cream,H&M
Brushed-finish Scarf,$ 17.99,0921829003,ladies_accessories_scarves,Lt. gray melange/gray melange,H&M
Jacquard-weave Dress,$ 49.99,0928516001,ladies_dresses_party,Black,H&M
Shirt Dress with Tie Belt,$ 24.99,0857924012,ladies_dresses_shortdresses,Black/pink floral,H&M
Flounced Dress,$ 39.99,0923405002,ladies_dresses_mididresses,Black/floral,H&M
Faux Fur Jacket,$ 49.99,0932681003,ladies_jacketscoats_jackets,Dark gray,H&M
Sweatshirt,$ 12.99,0920065006,,Mint green/Love,H&M
Draped Chiffon Dress,$ 29.99,0947410001,ladies_dresses_shortdresses,Light purple/floral,H&M
Wool-blend Joggers,$ 24.99,0898482001,ladies_trousers_joggers,Dark gray melange,H&M
7-pack Cotton Thong Briefs,$ 14.99,0748355014,ladies_lingerie_briefsknickers_thong,Red/hearts,H&M
Fitted Sequined Dress,$ 59.99,0954368001,ladies_dresses_mididresses,Dark brown,H&M
Unpadded Underwire Lace Bra,$ 19.99,0827957012,ladies_lingerie_bras,Dusty rose,H&M
H&M+ Printed T-shirt,$ 17.99,0882415017,ladies_plus_tops,White/Fantasia,H&M
Cable-knit Cardigan,$ 34.99,0883292001,ladies_cardigansjumpers_cardigans,Light turquoise,H&M
Sequined Dress,$ 34.99,0956560001,ladies_dresses_party,Black,H&M
Eyelet Embroidery Blouse,$ 59.99,0938169002,ladies_shirtsblouses_blouses,Natural white,H&M
Open-backed Dress,$ 34.99,0920260002,ladies_dresses_shortdresses,Red,H&M
Thigh-high Sock Boots,$ 79.99,0932594001,,Black,H&M
Pleated Skirt,$ 39.99,0926785002,Ladies_skirts_highwaisted,Cream/black patterned,H&M
Woven Scarf,$ 24.99,0904153002,ladies_accessories_scarves,Gray/black checked,H&M
Curvy High Waist Jeggings,$ 19.99,0914441008,ladies_jeans,Dark denim blue/trashed,H&M
Draped One-shoulder Dress,$ 99.00,0944429001,ladies_dresses_party,Green,H&M
V-neck Dress,$ 19.99,0874587007,ladies_dresses_shortdresses,Black,H&M
Fine-knit Cardigan,$ 12.99,0579541108,ladies_cardigansjumpers_cardigans,Powder pink,H&M
Faux Leather Pants,$ 29.99,0928125001,ladies_trousers_highwaisted,Black,H&M
Boat-neck Sweater,$ 19.99,0944018001,ladies_cardigansjumpers_cardigans,Black,H&M
Wide-leg Suit Pants,$ 34.99,0931729002,ladies_trousers_dressed,Cerise,H&M
Ribbed Cardigan,$ 17.99,0936579002,ladies_cardigansjumpers_cardigans,Black,H&M
Cotton Sweatpants,$ 39.99,0939549003,ladies_trousers_highwaisted,Light beige,H&M
Faux Fur Jacket,$ 59.99,0893507001,ladies_jacketscoats_jackets,Gray,H&M
Boots,$ 17.99,0622969020,ladies_shoes_ankle_boots,Silver-colored,H&M
Flounce-trimmed Cardigan,$ 34.99,0923719001,ladies_cardigansjumpers_cardigans,Dark red,H&M
Color-block Sweatshirt,$ 24.99,0924540001,ladies_hoodiesswetshirts_sweatshirts,Eggplant/Coca-Cola,H&M
Rib-knit Dress,$ 39.99,0918830001,ladies_dresses_mididresses,Purple,H&M
Ruffle-trimmed Blouse,$ 24.99,0927687002,ladies_shirtsblouses_blouses,Light beige/leopard print,H&M
Mesh Dress,$ 49.99,0867141004,ladies_dresses_mididresses,Black/pink floral,H&M
Long Wool-blend Cardigan,$ 99.00,0949323003,ladies_cardigansjumpers_cardigans,Gray-green,H&M
Faux Fur Coat,$ 69.99,0925331003,ladies_jacketscoats_coats,Dark gray,H&M
Bow-detail Flounced Dress,$ 34.99,0934766002,ladies_dresses_party,Pigeon blue,H&M
Glittery Top,$ 17.99,0930478002,ladies_tops_longsleeve,Black/glittery,H&M
Knit Mock-turtleneck Sweater,$ 24.99,0885599005,ladies_basics_cardigansjumpers,Light beige melange,H&M
Leather Gloves,$ 24.99,0931174001,ladies_accessories,Khaki green,H&M
Knit Turtleneck Dress,$ 34.99,0914805003,ladies_dresses_mididresses,Red melange,H&M
Velour Bodysuit,$ 17.99,0922105001,ladies_tops_bodys,Black,H&M
Cotton-blend Sweatshirt,$ 34.99,0926750004,ladies_hoodiesswetshirts_sweatshirts,Dark gray,H&M
Ribbed Cardigan,$ 17.99,0936579003,ladies_cardigansjumpers_cardigans,Neon green,H&M
Ruffle-trimmed Blouse,$ 29.99,0931206002,ladies_shirtsblouses_blouses,Light turquoise,H&M
Jacquard-knit Sweater,$ 34.99,0934684001,ladies_cardigansjumpers_jumpers,Red/Mickey Mouse,H&M
Sweatshirt Dress,$ 34.99,0962783002,ladies_dresses_shortdresses,Light beige,H&M
Oversized Hoodie,$ 34.99,0927945001,ladies_hoodiesswetshirts_hoodies,Dark gray/Aristocats,H&M
Faux Fur-trimmed Denim Jacket,$ 59.99,0946541001,ladies_jacketscoats_denim,Denim blue,H&M
Cotton-blend Sweatshirt,$ 34.99,0926750005,ladies_hoodiesswetshirts_sweatshirts,Purple,H&M
Chain-fringe Top,$ 39.99,0946105002,ladies_tops_longsleeve,Black,H&M
Quilted Shoulder Bag,$ 34.99,0911304002,ladies_accessories_bags_shouldercrossbags,Black,H&M
Parka,$ 79.99,0876152001,ladies_jacketscoats_parkas,Black,H&M
Pleated Blouse,$ 34.99,0925520003,ladies_shirtsblouses_blouses,Deep red,H&M
Shimmery Metallic Dress,$ 17.99,0918947001,ladies_dresses_party,Black,H&M
Slit-front Dress,$ 29.99,0920259002,ladies_dresses_mididresses,Light purple,H&M
Flounce-trimmed Dress,$ 34.99,0928276005,ladies_dresses_shortdresses,Black,H&M
Sequined Bustier,$ 129.00,0944075001,ladies_tops_croppedtops,Black,H&M
Seamless Sports Bralette,$ 9.99,0929675001,ladies_lingerie_bras,Powder pink,H&M
Flock-print Hoodie,$ 34.99,0909838012,ladies_basics_tops_longsleeve,White/Mickey Mouse,H&M
V-neck Blouse,$ 34.99,0911493003,ladies_shirtsblouses_blouses,Burgundy,H&M
Knit Mock-turtleneck Sweater,$ 24.99,0885599007,ladies_basics_cardigansjumpers,Gray-green,H&M
Ribbed Cardigan,$ 14.99,0922109002,ladies_cardigansjumpers_cardigans,White,H&M
V-neck Bodysuit,$ 24.99,0908551003,ladies_tops_bodys,Black,H&M
Sweatshirt Dress,$ 34.99,0962783001,ladies_dresses_shortdresses,Dark gray,H&M
25 Pairs Earrings,$ 14.99,0961834001,,Gold-colored,H&M
Embroidered Skirt,$ 29.99,0903547002,ladies_skirts_shortskirts,Black/flowers,H&M
Faux Fur Slippers,$ 29.99,0906498001,ladies_nightwear_slippers,Black,H&M
Slacks,$ 34.99,0922747001,ladies_trousers_chinosslacks,Light taupe,H&M
Double-breasted Jacket Dress,$ 79.99,0926623002,ladies_dresses,Deep red,H&M
Short Dress,$ 24.99,0927957004,ladies_dresses_shortdresses,Light purple/floral,H&M
Ruffled-collar Dress,$ 34.99,0923461001,ladies_dresses_shortdresses,Black/floral,H&M
Dressy Silk-blend Pants,$ 129.00,0918142001,ladies_trousers_dressed,Black,H&M
Seamless Sports Bralette,$ 17.99,0852174004,ladies_sport_sportbras,Dark khaki green,H&M
Tie Belt Dress,$ 39.99,0937754001,ladies_dresses_mididresses,Light beige/leopard print,H&M
Cable-knit Sweater,$ 34.99,0923709002,ladies_cardigansjumpers_jumpers,Light pink,H&M
H&M+ Crinkled Blouse,$ 24.99,0767473014,ladies_plus_shirtsblouses,Black,H&M
High Leg Bodysuit,$ 17.99,0963006002,ladies_basics_tops_longsleeve,Taupe,H&M
Earrings and Ear Cuffs,$ 12.99,0929594002,ladies_accessories_jewellery_earrings,Gold-colored/light purple,H&M
H&M+ Printed Sweatshirt,$ 14.99,0927348001,ladies_hoodiesswetshirts_sweatshirts,Red/Coca-Cola,H&M
Knee-high Leather Boots,$ 149.00,0905080001,ladies_shoes_boots,Black,H&M
Oversized Turtleneck Sweater,$ 29.99,0910006001,ladies_cardigansjumpers_jumpers,Black,H&M
Dress Pants,$ 34.99,0895017003,ladies_trousers_highwaisted,White,H&M
Leather Ankle Boots,$ 99.00,0943926001,ladies_shoes_ankle_boots,Black,H&M
V-neck Dress,$ 59.99,0880387005,Ladies_dresses_wrap,Black,H&M
Short Jacket,$ 34.99,0871004005,ladies_blazers,Black,H&M
5-pack Brazilian Briefs,$ 17.99,0758034034,ladies_lingerie_briefsknickers_brazilian,Powder beige/pigeon blue,H&M
Puff-sleeved Dress,$ 59.99,0938149001,ladies_dresses_shortdresses,Cream,H&M
Tie-detail Dress,$ 34.99,0926729001,ladies_dresses_shortdresses,Dark gray/floral,H&M
Small Handbag,$ 17.99,0822552006,ladies_accessories_bags_handbags,Black,H&M
Wrapover Cashmere Cardigan,$ 129.00,0917802002,ladies_cardigansjumpers_cardigans,Light beige melange,H&M
Puff-sleeved Blouse,$ 24.99,0942643002,ladies_shirtsblouses_blouses,Cream,H&M
Cotton Hoodie,$ 29.99,0944506002,ladies_occasion_loungewear,Light gray melange,H&M
Bomber Jacket,$ 79.99,0932666002,ladies_jacketscoats_bomber,Brown,H&M
Earrings and Ear Cuffs,$ 12.99,0951072001,ladies_accessories_jewellery_earrings,Silver-colored,H&M
Printed Joggers,$ 24.99,0935621001,ladies_trousers_highwaisted,Gray melange/Mickey Mouse,H&M
Lion-buckle Waist Belt,$ 24.99,0907403001,ladies_accessories_belts,Black,H&M
Knit Dress,$ 69.99,0923437003,ladies_dresses_maxidresses,Dark brown,H&M
Padded Jacket,$ 69.99,0902983003,ladies_jacketscoats_jackets,White,H&M
Tie-detail velour dress,$ 34.99,0935734001,ladies_dresses_party,Black,H&M
Down Coat,$ 199.00,0937771001,ladies_jacketscoats_coats,Black,H&M
Cable-knit Sweater,$ 29.99,0914948004,ladies_cardigansjumpers_jumpers,Pink,H&M
Scarf with Fringe,$ 12.99,0780418029,ladies_accessories_hatsscarvesgloves_scarves,Mint green/white checked,H&M
Draped Wrap-front Dress,$ 69.99,0921675002,Ladies_dresses_wrap,Dark blue/patterned,H&M
Open-backed Dress,$ 34.99,0920260001,ladies_dresses_shortdresses,Black,H&M
H&M+ Collared Sweater,$ 29.99,0942073001,ladies_cardigansjumpers_jumpers,Gray melange,H&M
Knit Hooded Dress,$ 49.99,0897133001,ladies_dresses_shortdresses,Light gray melange,H&M
Long V-neck Dress,$ 49.99,0930757004,ladies_dresses_maxidresses,Blue/swans,H&M
Draped Skirt,$ 17.99,0885985002,ladies_skirts_shortskirts,Dusty rose,H&M
Ribbed Pants,$ 24.99,0951374001,ladies_trousers,Light gray melange,H&M
Draped Dress,$ 24.99,0954949002,ladies_dresses_party,Black,H&M
Ribbed Cropped Top,$ 12.99,0963008001,ladies_basics_tops,Black,H&M
Long Printed Hoodie,$ 39.99,0955026001,ladies_hoodiesswetshirts_hoodies,Light beige/Mickey Mouse,H&M
T-shirt Dress,$ 24.99,0946800002,ladies_dresses_shortdresses,Black,H&M
Seamless Sports Leggings,$ 14.99,0866016001,ladies_sport_bottoms_trousers,Dark gray,H&M
Turtleneck Sweater,$ 34.99,0947568001,ladies_cardigansjumpers_jumpers,Light beige melange,H&M
Seamless Sports Leggings,$ 14.99,0866016002,ladies_sport_bottoms_trousers,Powder pink,H&M
Puff-sleeved Blouse,$ 24.99,0942643001,ladies_shirtsblouses_blouses,Red/black checked,H&M
Rhinestone-detail Mesh Dress,$ 59.99,0938161001,ladies_dresses_mididresses,Dark beige,H&M
Seamless Sports Bralette,$ 17.99,0852174005,ladies_sport_sportbras,Dark gray,H&M
Faux Shearling Hoodie,$ 29.99,0922185001,ladies_hoodiesswetshirts_hoodies,Beige,H&M
Faux Fur Slippers,$ 29.99,0906498002,ladies_nightwear_slippers,White,H&M
Flounce-trimmed Sequined Dress,$ 49.99,0948419001,,Light beige/silver-colored,H&M
Ribbed Bodysuit,$ 17.99,0935228001,ladies_basics_tops_longsleeve,Black,H&M
Hooded Coat,$ 79.99,0937111003,ladies_jacketscoats_coats,Dark beige,H&M
3-in-1 Down Parka,$ 249.00,0917810001,ladies_jacketscoats_parkas,Greenish-brown,H&M
Jacquard-knit Sweater,$ 39.99,0888807002,ladies_cardigansjumpers_jumpers,Black/Coca-Cola,H&M
Flared Velour Leggings,$ 24.99,0879925003,ladies_trousers_leggings,Black/glittery purple,H&M
Sequined Mesh-detail Dress,$ 39.99,0938681001,ladies_dresses_party,Steel gray/black,H&M
H&M+ Satin Blouse,$ 17.99,0955783001,ladies_plus_shirtsblouses,Black,H&M
H&M+ Sweater,$ 49.99,0945559001,ladies_cardigansjumpers_jumpers,Black,H&M
Suede Knee-high Boots,$ 149.00,0905040001,ladies_shoes_boots,Black,H&M
Scallop-edged Lace Dress,$ 49.99,0916418001,ladies_dresses_lace,Black,H&M
H&M+ Wool-blend Joggers,$ 29.99,0919913001,ladies_plus_bottoms,Dark gray melange,H&M
Wool-blend Sweater,$ 69.99,0918832002,ladies_cardigansjumpers_jumpers,Turquoise-gray,H&M
Slacks,$ 34.99,0857440006,ladies_trousers_chinosslacks,Dark gray/plaid,H&M
Rhinestone Belt,$ 29.99,0907402002,ladies_accessories_belts,Gold-colored,H&M
Mock Turtleneck Top,$ 29.99,0946104005,ladies_tops_longsleeve,Black,H&M
Scarf,$ 17.99,0922071009,ladies_accessories_scarves,Pink/light blue,H&M
Knit Mock-turtleneck Sweater,$ 24.99,0885599008,ladies_basics_cardigansjumpers,Dark mauve,H&M
Patterned Skirt,$ 59.99,0923753002,ladies_skirts_midiskirts,Black/botanical,H&M
Chiffon Dress,$ 34.99,0930875002,ladies_dresses_shortdresses,Black/white patterned,H&M
H&M+ Hooded Jacket,$ 24.99,0911467001,ladies_basics_tops_longsleeve,Black,H&M
Wide-cut Pants,$ 24.99,0892051004,ladies_trousers_highwaisted,Dark blue/batik-patterned,H&M
Clutch Bag,$ 19.99,0911111002,ladies_accessories_bags_smallbagsclutch,Black/white checked,H&M
Smocked Long Dress,$ 69.99,0938167001,ladies_dresses_aline,Dark brown,H&M
Hooded Puffer Jacket,$ 79.99,0935319001,ladies_jacketscoats_jackets,White,H&M
Puff-sleeved Blouse,$ 19.99,0874952003,ladies_shirtsblouses_blouses,Light beige,H&M
Cable-knit Turtleneck Sweater,$ 34.99,0911445003,ladies_cardigansjumpers_jumpers,Light gray,H&M
H&M+ Hooded Jacket,$ 24.99,0911467004,ladies_basics_tops_longsleeve,Natural white,H&M
H&M+ Chiffon Dress,$ 24.99,0909289003,ladies_dresses_shortdresses,Dark green,H&M
Cable-knit Sweater,$ 29.99,0914948003,ladies_cardigansjumpers_jumpers,Cream,H&M
Draped Mini Skirt,$ 24.99,0931842002,ladies_skirts_shortskirts,Dusty rose,H&M
Faux Leather Pants,$ 59.99,0904022003,ladies_trousers,Gray,H&M
H&M+ Skater Skirt,$ 17.99,0920008001,ladies_plus_bottoms,Dark blue/plaid,H&M
Denim Jumpsuit,$ 39.99,0931551001,ladies_jumpsuits_long,Charcoal gray,H&M
Short Cotton Parka,$ 59.99,0868044001,ladies_jacketscoats_parkas,Beige,H&M
A-line Dress,$ 24.99,0889379012,ladies_dresses_aline,Black,H&M
Oversized Dress,$ 59.99,0938153002,ladies_dresses_party,Cream,H&M
Lyocell Nightshirt,$ 39.99,0909919001,,Light beige/striped,H&M
Seamless Sports Bralette,$ 9.99,0929675002,ladies_lingerie_bras,Dark gray,H&M
Knee-high Leather Boots,$ 149.00,0942460001,ladies_shoes_boots,Black,H&M
14 Pairs Earrings,$ 14.99,0951102001,ladies_accessories_jewellery_earrings,Gold-colored,H&M
Ruffle-trimmed Blouse,$ 29.99,0931206001,ladies_shirtsblouses_blouses,White,H&M
Flounce-trimmed Dress,$ 34.99,0928276002,ladies_dresses_shortdresses,Light beige/leopard print,H&M
H&M+ Cotton-blend Sweatshirt,$ 17.99,0890362001,ladies_plus,Dark pink,H&M
Smock-detail Satin Dress,$ 24.99,0932888002,ladies_dresses_party,Powder pink,H&M
Underwire-bra Negligee,$ 29.99,0938716001,ladies_nightwear_nightslips,Black,H&M
Mom High Ankle Jeans,$ 29.99,0901676001,ladies_jeans_mom,Black/coating,H&M
Pleat-front Blouse,$ 24.99,0912049003,ladies_shirtsblouses_blouses,Black,H&M
Quilted Top,$ 39.99,0921769002,ladies_tops_shortsleeve,Light gray-blue,H&M
H&M+ Flannel Nightshirt,$ 24.99,0907211001,ladies_nightwear_pyjamas,White/dark gray/plaid,H&M
Ribbed Top,$ 29.99,0951375001,ladies_tops_longsleeve,Light gray melange,H&M
Fine-knit Cashmere Pants,$ 129.00,0917918002,ladies_trousers_highwaisted,Light beige melange,H&M
Patterned Shirt Dress,$ 34.99,0863013007,ladies_dresses_mididresses,Light gray,H&M
Beaded Sweater,$ 49.99,0920718003,ladies_cardigansjumpers_jumpers,White,H&M
Knit Ruffle-detail Sweater,$ 34.99,0903266003,ladies_cardigansjumpers_jumpers,Black,H&M
Knit Sweater,$ 34.99,0941665001,ladies_cardigansjumpers_jumpers,Light purple,H&M
Padded Jersey Bra,$ 12.99,0948432002,ladies_lingerie_bras_padded,Beige,H&M
H&M+ Crinkled Blouse,$ 24.99,0767473013,ladies_plus_shirtsblouses,Black/gold-colored pattern,H&M
Shaping Denim Pencil Skirt,$ 39.99,0774113007,Ladies_skirts_pencil,Black,H&M
Padded Triangle Bikini Top,$ 17.99,0684209036,ladies_swimwear_bikinitops,Light brown/leopard print,H&M
Oversized Denim Jacket,$ 49.99,0910166001,ladies_jacketscoats_denim,Black/Toy Story,H&M
Mini Backpack,$ 19.99,0953415001,ladies_accessories_bags_backpack,Black,H&M
Wrapover Cashmere Cardigan,$ 129.00,0917802001,ladies_cardigansjumpers_cardigans,Dark heather purple,H&M
Woven Scarf,$ 17.99,0937297001,ladies_accessories_scarves,Red/black plaid,H&M
Seamless Sports Top,$ 24.99,0924453001,ladies_sport_tops_longsleeve,Blue,H&M
Leather Gloves,$ 24.99,0754751013,ladies_accessories_hatsscarvesgloves_gloves,Burgundy,H&M
DIY Necklace,$ 17.99,0966281001,ladies_accessories_jewellery_necklaces,Gold-colored/purple,H&M
Shimmery Dress,$ 34.99,0924630001,ladies_dresses_party,Black,H&M
Rhinestone-strap Sandals,$ 34.99,0912306001,ladies_shoes_pumps_highheels,Black,H&M
Lyocell-blend Satin Blouse,$ 39.99,0938163002,ladies_shirtsblouses_blouses,Black,H&M
Tie-detail Blouse,$ 29.99,0927662004,ladies_shirtsblouses_blouses,Dark sage green,H&M
Culottes,$ 34.99,0933821003,ladies_trousers_culottes,Burgundy,H&M
Off-the-shoulder Dress,$ 24.99,0902422001,,Black,H&M
Beaded Sweater,$ 49.99,0920718004,ladies_cardigansjumpers_jumpers,Black,H&M
Balloon-sleeved Dress,$ 34.99,0927999001,ladies_dresses_mididresses,Black/yellow floral,H&M
H&M+ Parka,$ 79.99,0923815001,ladies_jacketscoats_parkas,Black,H&M
Padded Jersey Bra,$ 12.99,0948432001,ladies_lingerie_bras_padded,Light gray melange,H&M
Short Ruffled Skirt,$ 24.99,0921363001,Ladies_skirts_highwaisted,Black,H&M
Faux Fur Jacket,$ 99.00,0951336001,ladies_jacketscoats_jackets,Black,H&M
Beaded Satin Dress,$ 59.99,0911979003,ladies_dresses_mididresses,Black,H&M
Sleeveless Lace-detail Top,$ 24.99,0859458012,ladies_tops,Black,H&M
Knit Headband,$ 12.99,0756684010,ladies_accessories_hatsscarvesgloves_hats,Gray melange,H&M
Oversized Turtleneck Sweater,$ 34.99,0923576007,ladies_cardigansjumpers_jumpers,Light beige,H&M
Small Shoulder Bag,$ 17.99,0911302001,ladies_accessories_bags_shouldercrossbags,Black,H&M
Sleeveless Dress,$ 17.99,0811397008,ladies_dresses_shortdresses,Black/roses,H&M
Fluffy Scarf,$ 17.99,0904133008,ladies_accessories_scarves,Dark plum purple,H&M
Modal-blend Sports Joggers,$ 34.99,0867087001,ladies_sport_bottoms_trousers,Powder pink,H&M
Gathered-sleeve Jacket,$ 34.99,0922691001,ladies_blazers,Light pink,H&M
Scarf,$ 17.99,0922071010,ladies_accessories_scarves,Steel blue/light gray,H&M
Embroidered Mesh Dress,$ 59.99,0954538001,ladies_dresses_mididresses,Black/flowers,H&M
Organza Tie-neck Blouse,$ 24.99,0920545001,ladies_shirtsblouses_blouses,Black,H&M
Jacket Dress,$ 34.99,0852940006,ladies_dresses_shortdresses,Black,H&M
Denim Shirt Jacket,$ 29.99,0908678001,ladies_jacketscoats_jackets,Dark denim blue,H&M
Patent Strappy Sandals,$ 29.99,0912453001,ladies_shoes_pumps_highheels,Black,H&M
V-neck Sweater,$ 19.99,0885667002,ladies_tops_longsleeve,Black,H&M
Ruffle-trimmed Sweater,$ 24.99,0942176001,ladies_cardigansjumpers_jumpers,Dark red/striped,H&M
Earrings and Ear Cuff,$ 5.99,0951768001,ladies_accessories_jewellery_earrings,Silver-colored,H&M
Chain-detail Slingbacks,$ 29.99,0906647002,ladies_shoes_ballerinas_flats,Beige,H&M
Cable-knit Sweater,$ 34.99,0923709001,ladies_cardigansjumpers_jumpers,White,H&M
Jacquard-weave Top,$ 24.99,0927224001,ladies_tops_longsleeve,Black,H&M
Draped Skirt,$ 17.99,0885985003,ladies_skirts_shortskirts,Light gray/glittery,H&M
Open-backed Dress,$ 34.99,0920260003,ladies_dresses_shortdresses,Black/floral,H&M
Bouclé Skirt,$ 49.99,0912367001,Ladies_skirts_highwaisted,Black,H&M
Short Cotton Parka,$ 59.99,0868044002,ladies_jacketscoats_parkas,Black,H&M
Leather Mules,$ 59.99,0904989001,ladies_shoes_pumps_highheels,Silver-colored,H&M
Draped Dress,$ 49.99,0952937002,ladies_dresses_mididresses,Black,H&M
Oversized Satin Shirt,$ 49.99,0962131002,ladies_shirtsblouses_shirts,Light beige,H&M
Ribbed Biker Shorts,$ 12.99,0918956001,Ladies_shorts_highwaisted,Light gray,H&M
Bead-embellished Blouse,$ 34.99,0927650002,ladies_shirtsblouses_blouses,Cream,H&M
Chain Waist Belt,$ 24.99,0907406001,ladies_accessories_belts,Gold-colored,H&M
Ruffled Sweatshirt,$ 29.99,0922358001,ladies_hoodiesswetshirts_sweatshirts,Black,H&M
Dotted Skirt,$ 34.99,0923802001,Ladies_skirts_highwaisted,Black/gold-colored dots,H&M
Soft-cup Lace Bra,$ 17.99,0896757002,ladies_lingerie_bras_softwireless,Red,H&M
Jacket,$ 49.99,0949593001,ladies_blazers,Light blue,H&M
Airy Blouse,$ 34.99,0895437001,ladies_shirtsblouses_blouses,Dark beige,H&M
Oversized Bomber Jacket,$ 49.99,0917836001,ladies_jacketscoats_bomber,Khaki green,H&M
Warm-lined Boots,$ 59.99,0906161001,ladies_shoes_boots,Silver-colored,H&M
Unpadded Lace Bralette,$ 17.99,0921464001,ladies_lingerie_bras,Black,H&M
High Leg Bodysuit,$ 17.99,0963006001,ladies_basics_tops_longsleeve,Black,H&M
Jacquard-weave Jacket,$ 49.99,0922573002,ladies_blazers,Cerise,H&M
Fleece-lined Dog Jacket,$ 29.99,0955136001,,Black/Mickey Mouse,H&M
V-neck Jumpsuit,$ 29.99,0959069001,ladies_jumpsuits_long,Black,H&M
Mock Turtleneck Sweater,$ 29.99,0940855004,ladies_cardigansjumpers_jumpers,Cream,H&M
Fine-knit Cashmere Pants,$ 129.00,0917918001,ladies_trousers_highwaisted,Dark heather purple,H&M
Mules,$ 24.99,0906637003,Ladies_shoes_slipon,Silver-colored,H&M
Ribbed Hat,$ 9.99,0904450003,ladies_accessories_hats_beanies,White,H&M
Open-backed Blouse,$ 24.99,0928439001,ladies_shirtsblouses_blouses,Black,H&M
Hoop Earrings,$ 5.99,0920732002,ladies_accessories_jewellery_earrings,Silver-colored,H&M
3/4-sleeve Top,$ 34.99,0926806002,ladies_tops_longsleeve,Black/sequins,H&M
H&M+ Knit Turtleneck Dress,$ 49.99,0900427001,ladies_dresses_mididresses,Black,H&M
Padded Jersey Bra,$ 12.99,0937957001,ladies_lingerie_bras_padded,Light gray melange,H&M
Padded Jersey Bra,$ 12.99,0948432003,ladies_lingerie_bras_padded,White,H&M
Chain-detail Sweater,$ 29.99,0934053002,ladies_cardigansjumpers_jumpers,White,H&M
iPhone Case,$ 12.99,0944642003,ladies_accessories_mobileaccessories,Black/Mickey Mouse,H&M
Long-sleeved Blouse,$ 19.99,0915611025,ladies_shirtsblouses_blouses,Black/plumeti,H&M
Sleeveless Lace-detail Top,$ 24.99,0859458016,ladies_tops,Cream,H&M
Oversized Blazer,$ 79.99,0915995001,ladies_blazers,Black,H&M
Oversized Satin Shirt,$ 49.99,0962131001,ladies_shirtsblouses_shirts,Black,H&M
Hooded Puffer Jacket,$ 69.99,0876357001,ladies_jacketscoats_jackets,Black,H&M
Rhinestone-covered Hairband,$ 5.99,0951710001,ladies_accessories_hairaccessories,Powder beige,H&M
iPhone Case and AirPod Case,$ 12.99,0925139005,ladies_accessories_mobileaccessories,Cream,H&M
Small Saddle Bag Purse,$ 29.99,0912629001,ladies_accessories_bags_smallbagsclutch,Black/crocodile-patterned,H&M
Bikini Top,$ 17.99,0811907012,ladies_swimwear_bikinisets_tops,Dark blue/floral,H&M
Braided Hairband,$ 9.99,0867257008,ladies_accessories_hairaccessories,Powder pink,H&M
Appliquéd Dog Sweater,$ 24.99,0944672001,,Gray melange/Mickey Mouse,H&M
Knee-length Denim Skirt,$ 29.99,0929758001,Ladies_skirts_denim,Black/washed out,H&M
Tulle Bodysuit,$ 34.99,0946109001,ladies_tops_bodys,Black,H&M
Draped Glittery Dress,$ 24.99,0949984001,ladies_dresses_party,Dark gray/glitter,H&M
Belted Pants,$ 34.99,0905332001,ladies_trousers_highwaisted,Red,H&M
AirPods Case,$ 9.99,0944681002,ladies_accessories_mobileaccessories,Black/Mickey Mouse,H&M
V-neck Sweater,$ 19.99,0885667004,ladies_tops_longsleeve,White,H&M
Pleated Dress,$ 49.99,0923532003,ladies_dresses_mididresses,Turquoise,H&M
Faux Leather Pants,$ 59.99,0923745001,ladies_trousers,Black,H&M
Woven Scarf,$ 12.99,0757905009,ladies_accessories_scarves,Light beige/checked,H&M
Padded Lace Bra,$ 17.99,0821397009,ladies_lingerie_bras_softwireless,Red,H&M
Patterned Leggings,$ 17.99,0898131001,ladies_trousers_leggings,Red/Coca-Cola,H&M
H&M+ Long Cardigan,$ 24.99,0944410001,ladies_plus,Dark beige melange,H&M
Knit Dress,$ 39.99,0923434001,ladies_dresses_shortdresses,Black,H&M
H&M+ Knit Hooded Sweater,$ 34.99,0919906001,ladies_plus,Dark gray melange,H&M
10-pack Hipster Briefs,$ 24.99,0941119001,ladies_lingerie_briefsknickers_hipster,White/gray melange/black,H&M
Fitted Dress,$ 24.99,0924631001,ladies_dresses_shortdresses,Black,H&M
Boat-neck Top,$ 24.99,0938812002,ladies_tops_longsleeve,Deep red,H&M
Slit Skirt,$ 24.99,0901758003,Ladies_skirts_highwaisted,Black,H&M
Fitted Jumpsuit,$ 59.99,0911803001,ladies_jumpsuits_long,Black,H&M
H&M+ Patterned Leggings,$ 17.99,0920005001,ladies_plus_bottoms,Red/Coca-Cola,H&M
Skirt Romper,$ 39.99,0962447001,ladies_jumpsuits_short,Black/silver-colored,H&M
iPhone Case and AirPod Case,$ 12.99,0925139004,ladies_accessories_mobileaccessories,Light pink,H&M
Embroidered Blouse,$ 34.99,0910722003,ladies_shirtsblouses_blouses,Black,H&M
Small Shoulder Bag,$ 17.99,0911302002,ladies_accessories_bags_shouldercrossbags,Silver-colored,H&M
Short Dress,$ 24.99,0919140001,ladies_dresses_shortdresses,Black,H&M
Unpadded Underwire Lace Bra,$ 17.99,0924598001,ladies_lingerie_bras,Black/leopard patterned,H&M
Patterned Dress,$ 34.99,0920696002,ladies_dresses_shortdresses,Black/floral,H&M
Dress Pants,$ 34.99,0935692003,ladies_trousers_chinosslacks,Black/houndstooth-patterned,H&M
Mesh Thong Briefs,$ 17.99,0929370001,ladies_lingerie_briefsknickers_multipack,Dusty rose/light brown/black,H&M
Sleeveless Lace-detail Top,$ 24.99,0859458010,ladies_tops,Dark turquoise,H&M
Hooded Puffer Jacket,$ 69.99,0937167001,ladies_jacketscoats_jackets,Black,H&M
Rhinestone Earrings,$ 12.99,0951115001,ladies_accessories_jewellery_earrings,Silver-colored,H&M
Barrel Leg High Jeans,$ 34.99,0924395002,ladies_jeans,Dark gray,H&M
Bow Hair Clip,$ 12.99,0951687001,ladies_accessories_hairaccessories,Gold-colored,H&M
Super Push-up Bikini Top,$ 19.99,0811835014,ladies_swimwear_bikinisets_tops,Light brown/leopard print,H&M
H&M+ Oversized T-shirt,$ 17.99,0880079006,ladies_plus_tops,Dark gray/Minnie Mouse,H&M
Earrings,$ 5.99,0909558002,ladies_accessories_jewellery_earrings,Silver-colored,H&M
Single-breasted Blazer,$ 49.99,0950326001,ladies_blazers,Light taupe,H&M
Wool-blend Scarf,$ 14.99,0952824002,ladies_accessories_scarves,Khaki green,H&M
Bow-detail Scrunchie,$ 7.99,0951678001,ladies_accessories_hairaccessories,Black,H&M
2-pack Brazilian Briefs,$ 14.99,0894758007,ladies_lingerie_briefsknickers_brazilian,Dusty rose,H&M
Soft-cup Lace Bra,$ 17.99,0896757001,ladies_lingerie_bras_softwireless,Black,H&M
Pull-on Pants,$ 29.99,0918439003,ladies_trousers,Light gray melange,H&M
Embroidered Mesh Dress,$ 39.99,0934775001,ladies_dresses_party,Black/flowers,H&M
Unpadded Underwire Lace Bra,$ 17.99,0924598002,ladies_lingerie_bras,Light brown/leopard patterned,H&M
Padded Modal-blend Bra,$ 17.99,0858918007,ladies_lingerie_bras_softwireless,Dark khaki green,H&M
H&M+ Swimsuit,$ 34.99,0823518003,ladies_swimwear_beachwear,Dark blue/floral,H&M
DIY Necklace,$ 17.99,0966281002,ladies_accessories_jewellery_necklaces,Gold-colored/black,H&M
Lace Push-up Bra,$ 17.99,0921287001,ladies_lingerie_bras_pushup,Black,H&M
Jacquard-weave Blouse,$ 29.99,0923710001,ladies_shirtsblouses_blouses,Black,H&M
Wide-cut Satin Pants,$ 49.99,0962158002,ladies_trousers_highwaisted,Light beige,H&M
Fitted Jumpsuit,$ 49.99,0927129001,ladies_jumpsuits_long,Black,H&M
Lace-detail Dress,$ 39.99,0903922002,ladies_dresses_lace,Black,H&M
Wool-blend Scarf,$ 14.99,0952824001,ladies_accessories_scarves,Light beige,H&M
H&M+ Patterned Dress,$ 29.99,0939357001,,Light beige/zebra print,H&M
V-neck Dress,$ 29.99,0920269001,ladies_dresses_shortdresses,Black,H&M
Embroidered Mesh Dress,$ 59.99,0938684001,ladies_dresses_party,Black,H&M
H&M+ Hooded Puffer Jacket,$ 49.99,0882096001,ladies_jacketscoats_jackets,Black,H&M
Stainless Steel Water Bottle,$ 12.99,0886667005,ladies_sport_sportaccessories,Purple,H&M
Lace Brazilian Briefs,$ 12.99,0915290002,ladies_lingerie_briefsknickers_brazilian,Taupe,H&M
Crêped Blouse,$ 24.99,0931212001,ladies_shirtsblouses_blouses,White,H&M
H&M+ Bow-detail Flounced Dress,$ 34.99,0948412001,ladies_dresses_party,Black,H&M
Faux Shearling-lined Boots,$ 24.99,0914130001,,Black,H&M
Necklace,$ 12.99,0952387001,,Gold-colored,H&M
Cashmere Headband,$ 24.99,0522461017,ladies_accessories_hatscarvesgloves,Light beige melange,H&M
Wide-cut Satin Pants,$ 49.99,0962158001,ladies_trousers_highwaisted,Black,H&M
Ribbed Headband,$ 6.99,0900054004,ladies_accessories_hats_beanies,Light beige,H&M
Seamless Push-up Bra,$ 24.99,0786187005,ladies_lingerie_bras_pushup,Dark khaki green,H&M
H&M+ Printed Hoodie,$ 29.99,0927194001,ladies_hoodiesswetshirts_hoodies,Light gray-blue/Aristocats,H&M
Faux Leather Skirt,$ 39.99,0931703001,,Black,H&M
Sports Tank Top with Bra,$ 17.99,0894956009,ladies_sport_tops,Black/gray patterned,H&M
H&M+ Dress with Sheen,$ 39.99,0958861001,ladies_dresses_mididresses,Bright red,H&M
Rhinestone-decorated Necklace,$ 14.99,0957742002,ladies_accessories_jewellery_necklaces,Silver-colored,H&M
Balconette Bikini Top,$ 17.99,0776237033,ladies_swimwear_bikinisets_tops,Dark blue/floral,H&M
Pointed Flats,$ 17.99,0891902006,ladies_shoes_ballerinas_flats,Burgundy/crocodile-patterned,H&M
Key Earrings,$ 7.99,0961773001,,Gold-colored,H&M
Curvy High Jeggings,$ 19.99,0900240002,ladies_jeans,Black/coating,H&M
Ribbed Hat,$ 9.99,0904450002,ladies_accessories_hats_beanies,Gray melange,H&M
Motif-face Wristwatch,$ 24.99,0953451001,ladies_accessories_jewellery_watches,Black/Mickey Mouse,H&M
2-pack Lace Brazilian Briefs,$ 12.99,0896170012,ladies_lingerie_briefsknickers_brazilian,Red,H&M
Lace Push-up Bra,$ 17.99,0921287003,ladies_lingerie_bras_pushup,Taupe,H&M
H&M+ Patterned Satin Skirt,$ 29.99,0903466001,Ladies_skirts_highwaisted,Light beige/leopard print,H&M
Rhinestone Smartphone Bag,$ 17.99,0948326001,ladies_accessories_bags,Silver-colored/rhinestones,H&M
Balconette Bikini Top,$ 17.99,0776237032,ladies_swimwear_bikinisets_tops,Light brown/leopard print,H&M
H&M+ Slacks,$ 34.99,0903378001,ladies_plus_bottoms,Red,H&M
Faux Shearling-lined Boots,$ 24.99,0914130002,,Beige,H&M
Eye-shaped Rhinestone Earrings,$ 12.99,0952384001,ladies_accessories_jewellery_earrings,Silver-colored,H&M
4-pack Microfiber Briefs,$ 12.99,0782734010,ladies_lingerie_briefsknickers_hipster,Khaki green/floral,H&M
Pleated Skirt,$ 34.99,0887923004,Ladies_skirts_highwaisted,Black/patterned,H&M
H&M+ Calf-length Dress,$ 29.99,0913583002,ladies_dresses_mididresses,Black/white patterned,H&M
Lace-detail Sweater,$ 39.99,0943900003,ladies_cardigansjumpers_jumpers,Light gray melange,H&M
Shawl-collar Wrap Dress,$ 49.99,0927541002,Ladies_dresses_wrap,Dark sage green,H&M
Fitted Lace Dress,$ 24.99,0919040001,ladies_dresses_lace,Black,H&M
2-pack Brazilian Briefs,$ 12.99,0926836001,ladies_lingerie_briefsknickers_brazilian,Red,H&M
Rope-detail Waist Belt,$ 19.99,0907407001,ladies_accessories_belts,Black,H&M
Push-up Bralette,$ 19.99,0906689002,ladies_lingerie_bras_pushup,Taupe,H&M
Patterned Dress,$ 34.99,0920696001,ladies_dresses_shortdresses,Black/flowers,H&M
Wool-blend Gloves,$ 18.99,0923310001,ladies_accessories_gloves,Gray melange/black plaid,H&M
Brazilian Bikini Bottoms,$ 17.99,0823168007,ladies_swimwear_bikinisets_bottoms,Dark blue/floral,H&M
H&M+ Cotton Leggings,$ 12.99,0911413001,ladies_plus_bottoms,Black,H&M
H&M+ Balloon-sleeved Dress,$ 39.99,0946467001,ladies_dresses_mididresses,Light beige/leopard print,H&M
Knit Tube Scarf,$ 17.99,0776887010,ladies_accessories_hatsscarvesgloves_scarves,Pink,H&M
Cropped Silk-blend Bolero Top,$ 129.00,0918139001,ladies_tops_longsleeve,Pink,H&M
Draped Top,$ 34.99,0940708001,ladies_tops_longsleeve,Dark brown,H&M
Smocked Velour Dress,$ 24.99,0934246002,ladies_dresses_party,Light gray,H&M
Ribbed Hat,$ 9.99,0904450001,ladies_accessories_hats_beanies,Black,H&M
Rib-knit Wool Sweater,$ 99.00,0892893002,ladies_cardigansjumpers_jumpers,Dark heather purple,H&M
Lace Brazilian Briefs,$ 12.99,0915290003,ladies_lingerie_briefsknickers_brazilian,Red,H&M
H&M+ Ribbed Bodysuit with Lace,$ 24.99,0928741001,ladies_plus_tops,Black,H&M
Woven Scarf,$ 12.99,0922065002,ladies_accessories_scarves,Dusty rose,H&M
Jacquard-weave Jumpsuit,$ 49.99,0917388001,ladies_jumpsuits_long,Black,H&M
Knee-length Pencil Skirt,$ 29.99,0945321001,,Black,H&M
Dog Costume,$ 24.99,0903493001,,Red/Santa,H&M
Zip-hem Pants,$ 34.99,0941654001,ladies_trousers_highwaisted,Black,H&M
H&M+ Ribbed Bodysuit,$ 17.99,0920264001,ladies_plus_tops,Black,H&M
H&M+ Jacquard-knit Sweater,$ 34.99,0917913001,ladies_cardigansjumpers_jumpers,Red/Mickey Mouse,H&M
Printed Satin Dress,$ 34.99,0926736001,ladies_dresses_shortdresses,Black/flowers,H&M
Rhinestone Necklace,$ 24.99,0952342001,ladies_accessories_jewellery_necklaces,Silver-colored,H&M
H&M+ Curvy High Ankle Jeggings,$ 24.99,0881244009,ladies_jeans_ripped,Dark denim blue/trashed,H&M
Long Rhinestone Earrings,$ 12.99,0949294001,ladies_accessories_jewellery_earrings,Silver-colored,H&M
Sleeveless Jacket,$ 49.99,0956670001,ladies_blazers,Black,H&M
Crêped Blouse,$ 24.99,0929929001,ladies_shirtsblouses_blouses,Light beige/leopard print,H&M
H&M+ Chiffon dress,$ 34.99,0940156001,,Black,H&M
Earrings and Ear Cuffs,$ 9.99,0952403001,,Silver-colored,H&M
Bead-detail Headband,$ 9.99,0905553004,ladies_accessories_hats_beanies,Light gray,H&M
Bikini Bottoms,$ 12.99,0599580088,ladies_swimwear_bikinisets_bottoms,Dark blue/floral,H&M
Rhinestone Hairband,$ 12.99,0951725001,ladies_accessories_hairaccessories,Silver-colored,H&M
Padded Jersey Bra,$ 12.99,0924582001,ladies_lingerie_bras_padded,Black,H&M
V-neck Dress,$ 29.99,0889763004,ladies_dresses_mididresses,Black,H&M
H&M+ Skinny High Jeans,$ 29.99,0931769005,ladies_jeans_skinny,Dark denim gray,H&M
Push-up Bralette,$ 19.99,0906689001,ladies_lingerie_bras_pushup,Black,H&M
Belt Bag,$ 17.99,0943423001,ladies_accessories_bags_smallbagsclutch,Black,H&M
2-pack Soft-cup Lace Bras,$ 19.99,0931397001,,Taupe/white,H&M
Plumeti Chiffon Blouse,$ 34.99,0931205001,ladies_shirtsblouses_blouses,Black,H&M
Padded Satin Bra,$ 17.99,0896725003,ladies_lingerie_bras_padded,Black/leopard print,H&M
Padded Satin Bra,$ 17.99,0896725002,ladies_lingerie_bras_padded,Powder pink,H&M
Platform Wedge-heel Sandals,$ 49.99,0912310001,ladies_shoes_pumps_highheels,Black,H&M
Long Earrings,$ 14.99,0952410001,ladies_accessories_jewellery_earrings,Purple,H&M
Padded-cup Swimsuit,$ 29.99,0804613006,ladies_swimwear_swimsuits,Black,H&M
H&M+ Cotton Leggings,$ 12.99,0911413003,ladies_plus_bottoms,Black/side stripes,H&M
H&M+ Curvy High Ankle Jeggings,$ 24.99,0881244002,ladies_jeans_ripped,Black/coating,H&M
Padded Bikini Top,$ 17.99,0874077001,,Black/ribbed,H&M
H&M+ Puff-sleeved Blouse,$ 24.99,0946866001,ladies_plus_shirtsblouses,Red/black checked,H&M
Super Push-up Bikini Top,$ 19.99,0952172001,,Black,H&M
Fine-knit Turtleneck Sweater,$ 29.99,0937513001,ladies_basics_cardigansjumpers,Black,H&M
Christmas Tree Hairband,$ 9.99,0947660001,ladies_accessories_hats,Gold-colored/green,H&M
H&M+ Leggings with Sheen,$ 19.99,0936150001,ladies_plus_bottoms,Black,H&M
Padded Lace Bralette,$ 12.99,0924592001,ladies_lingerie_bras_softwireless,Black,H&M
Lace Dress,$ 39.99,0915546002,ladies_dresses_lace,Black,H&M
Paper Bag Skirt,$ 24.99,0674052014,ladies_skirts_shortskirts,Dark red,H&M
H&M+ Mesh Dress,$ 59.99,0919982001,ladies_dresses_mididresses,Black/flowers,H&M
Padded Jersey Bra,$ 12.99,0924582004,ladies_lingerie_bras_padded,Pigeon blue,H&M
Belted Skirt,$ 34.99,0923810001,ladies_skirts_shortskirts,Black,H&M
Padded Jersey Bra,$ 12.99,0924582003,ladies_lingerie_bras_padded,Taupe,H&M
Soft Scarf,$ 14.99,0682254006,ladies_accessories_hatscarvesgloves,Black/checked,H&M
Rhinestone Hair Clip,$ 5.99,0947688001,ladies_accessories_hairaccessories,Silver-colored,H&M
Lace Blouse,$ 29.99,0926021002,ladies_shirtsblouses_blouses,White,H&M
Backpack,$ 29.99,0948740001,ladies_accessories_bags_backpack,Black,H&M
Jacket Dress,$ 99.00,0938254001,ladies_dresses_shortdresses,Cream,H&M
Sports Bra Medium Support,$ 17.99,0866792004,ladies_lingerie_bras,Black/leopard print,H&M
Stainless Steel Water Bottle,$ 12.99,0886667004,ladies_sport_sportaccessories,Black,H&M
Soft-cup Lace Bra,$ 17.99,0896757003,ladies_lingerie_bras_softwireless,White,H&M
Long Rhinestone Earrings,$ 12.99,0949294002,ladies_accessories_jewellery_earrings,Black,H&M
Padded Satin Balconette Bra,$ 19.99,0929408001,ladies_lingerie_bras_balconette,Black,H&M
Voluminous-sleeved Blouse,$ 29.99,0916700001,ladies_shirtsblouses_blouses,White,H&M
H&M+ Sweater,$ 29.99,0909266001,ladies_cardigansjumpers_jumpers,Dusty rose,H&M
Lace Push-up Bra,$ 17.99,0921287002,ladies_lingerie_bras_pushup,White,H&M
Puff-sleeved Blouse,$ 49.99,0938148001,ladies_shirtsblouses_blouses,Cream,H&M
4-pack Scrunchies,$ 12.99,0903374018,ladies_accessories_hairaccessories,Dark purple,H&M
Padded Modal-blend Bra,$ 17.99,0858918008,ladies_lingerie_bras_softwireless,Dusty rose,H&M
Boat-neck Top,$ 24.99,0938812001,ladies_tops_longsleeve,Black,H&M
Chunky Bracelet,$ 9.99,0951772001,ladies_accessories_jewellery_bracelets,Gold-colored,H&M
Lace Stand-up Collar Dress,$ 79.99,0921755002,ladies_dresses_lace,Burgundy,H&M
7-pack Rhinestone Studs,$ 12.99,0952309001,ladies_accessories_jewellery_earrings,Gold-colored,H&M
Modal Jacket Dress,$ 69.99,0938469002,ladies_dresses_shortdresses,Black,H&M
Unpadded Mesh Bra,$ 17.99,0912861004,ladies_lingerie_bras,Dusty rose/leopard print,H&M
Beaded-buckle Belt,$ 12.99,0905079001,ladies_accessories_belts,Black,H&M
3-pack Jersey Brazilian Briefs,$ 12.99,0931635001,ladies_lingerie_briefsknickers_brazilian,Black,H&M
H&M+ Glittery Dress,$ 17.99,0928729002,ladies_dresses_party,Dark gray/glittery,H&M
H&M+ Shaping High Ankle Jeans,$ 59.99,0857030006,ladies_jeans_skinny,Denim gray,H&M
Draped Top,$ 34.99,0946115001,ladies_tops_croppedtops,Black,H&M
3-pack Jersey Brazilian Briefs,$ 12.99,0931635002,ladies_lingerie_briefsknickers_brazilian,Light gray melange/white/beige,H&M
Rhinestone AirPods Case,$ 17.99,0936672001,ladies_accessories_mobileaccessories,Silver-colored,H&M
Rhinestone Hoop Earrings,$ 17.99,0952600001,,Purple,H&M
Woven Scarf,$ 12.99,0922065001,ladies_accessories_scarves,Black,H&M
Long Cotton Shirt,$ 29.99,0936784002,ladies_shirtsblouses_shirts,White/blue striped,H&M
Lace Brazilian Briefs,$ 12.99,0915290001,ladies_lingerie_briefsknickers_brazilian,Black,H&M
Seamless Ribbed Bra,$ 17.99,0827907001,ladies_lingerie_bras_padded,Black,H&M
3-pack Jersey Shortie Briefs,$ 14.99,0955400001,ladies_lingerie_briefsknickers_multipack,Black,H&M
2-pack Light Shaping Briefs,$ 17.99,0668956009,ladies_lingerie_briefsknickers_multipack,Dark brown,H&M
H&M+ Skinny High Jeans,$ 29.99,0915361003,ladies_jeans_skinny,Black/coating,H&M
Grommet-detail Belt,$ 12.99,0943391001,ladies_accessories_belts,Black,H&M
Puff-sleeved Brocade Dress,$ 79.99,0880728002,ladies_dresses_bodycon,Black,H&M
H&M+ Glittery Wrapover Top,$ 29.99,0958814001,ladies_plus_tops,Black,H&M
Santa Earrings,$ 12.99,0947825001,ladies_accessories_jewellery_earrings,Red/gold-colored,H&M
Shaping Low Jeans,$ 49.99,0909542002,ladies_jeans_skinny,Dark denim blue,H&M
Shaping High Jeans,$ 49.99,0900227005,ladies_jeans_skinny,Black/washed out,H&M
4-pack Scrunchies,$ 5.99,0931437004,ladies_accessories_hairaccessories,Black,H&M
H&M+ Shaping High Jeans,$ 59.99,0698387023,ladies_plus_jeans,Dark denim blue,H&M
H&M+ Crêped Top,$ 24.99,0894457003,ladies_plus_tops,Burgundy,H&M
Front-laced Swimsuit High leg,$ 34.99,0859848001,,Khaki green/white striped,H&M
3-pack Cotton Thong Briefs,$ 12.99,0930161001,ladies_lingerie_briefsknickers_multipack,Powder beige/white/light blue,H&M
Glittery Turtleneck Sweater,$ 29.99,0920694002,ladies_cardigansjumpers_jumpers,Black,H&M
Quilted Laptop Case,$ 24.99,0941344006,ladies_accessories_mobileaccessories,Light pink,H&M
Tie Bikini Bottoms,$ 12.99,0865648002,,Dark blue/floral,H&M
Draped Top,$ 34.99,0940708002,ladies_tops_longsleeve,Cream,H&M
Brazilian Bikini Bottoms,$ 12.99,0874078001,,Black/ribbed,H&M
Draped Satin Blouse,$ 24.99,0930775001,ladies_shirtsblouses_blouses,Light purple,H&M
Soft-cup Jersey Push-up Bra,$ 17.99,0948431001,ladies_lingerie_bras_pushup,Black,H&M
H&M+ Tie-detail Dress,$ 34.99,0943071001,ladies_dresses_shortdresses,Cream/leaf print,H&M
Beaded Hairband,$ 12.99,0953697001,,Black,H&M
Halterneck Jumpsuit,$ 59.99,0909967001,,Black,H&M
Long Rhinestone Earrings,$ 17.99,0952391001,ladies_accessories_jewellery_earrings,Silver-colored,H&M
Straight-cut T-shirt,$ 12.99,0921012005,ladies_basics_tops_shortsleeve,Gray melange,H&M
Satin Brazilian Briefs,$ 9.99,0896726002,ladies_lingerie_briefsknickers_brazilian,Powder pink,H&M
Seamless Sports Bra,$ 17.99,0849886008,ladies_sport_sportbras,Blue,H&M
H&M+ Crêped Blouse,$ 24.99,0933215001,ladies_plus_shirtsblouses,Black,H&M
Soft-cup Lace Push-up Bra,$ 24.99,0894760004,ladies_lingerie_bras,Dusty rose,H&M
Sequined Hairband,$ 12.99,0953937002,ladies_accessories_hats,Black,H&M
H&M+ Satin Dress,$ 24.99,0955780001,ladies_dresses_shortdresses,Black,H&M
Pin-tuck Blouse,$ 24.99,0872378006,ladies_shirtsblouses_blouses,Sage green/patterned,H&M
Rhinestone Necklace,$ 12.99,0961767001,ladies_accessories_hairaccessories,Silver-colored,H&M
Wool-blend Scarf,$ 17.99,0904769002,,Cream,H&M
Padded Bikini Top,$ 17.99,0874077004,,Light brown/leopard print,H&M
Padded Jersey Bra,$ 12.99,0957662001,ladies_lingerie_bras_padded,Red,H&M
3-pack Lace Thong Briefs,$ 12.99,0924596002,,Light brown/leopard patterned,H&M
2-pack Modal Brazilian Briefs,$ 12.99,0928209004,ladies_lingerie_briefsknickers_brazilian,Dusty rose,H&M
Padded Lace Bra,$ 29.99,0571484009,ladies_plus_lingerietights,Powder pink,H&M
Soft-cup Mesh Bra,$ 24.99,0921591002,ladies_lingerie_bras_softwireless,Coral pink,H&M
Rhinestone-decorated Earrings,$ 5.99,0949925001,ladies_accessories_jewellery_earrings,Gold-colored/red,H&M
Ruffled-collar Dress,$ 39.99,0945369001,ladies_dresses_shortdresses,Black,H&M
2-pack Best-friend Sweatshirts,$ 24.99,0962212001,ladies_hoodiesswetshirts_sweatshirts,Black,H&M
Bow-detail Scrunchie,$ 7.99,0954459001,ladies_accessories_hairaccessories,Powder pink,H&M
Firm Shaping Briefs,$ 17.99,0663771002,ladies_lingerie_shapewear,Light brown,H&M
Padded Underwire Lace Bra,$ 29.99,0639965006,ladies_lingerie_bras_padded,Black,H&M
Microfiber Push-up Bralette,$ 19.99,0920274002,ladies_lingerie_bras_padded,Dusty rose,H&M
Linen-blend Shorts High Waist,$ 19.99,0900659002,Ladies_shorts_highwaisted,Dark blue,H&M
Slim Fit Pants,$ 49.99,0946239001,ladies_trousers_highwaisted,Black,H&M
Brazilian Bikini Bottoms,$ 12.99,0874078002,,Light brown/leopard print,H&M
3-pack Lace Thong Briefs,$ 12.99,0921458001,ladies_lingerie_briefsknickers_multipack,Black,H&M
3-pack Brazilian Briefs,$ 12.99,0882810005,ladies_lingerie_briefsknickers_brazilian,Gray melange/powder beige,H&M
Faux Fur Scarf,$ 24.99,0923769006,ladies_accessories_scarves,Taupe,H&M
Tie Bikini Bottoms,$ 12.99,0865648001,,Light brown/leopard print,H&M
Hipster Bikini Bottoms,$ 14.99,0880160001,,Light brown/leopard print,H&M
Smock-detail Blouse,$ 34.99,0946952002,ladies_shirtsblouses_blouses,Dark sage green,H&M
Belt with Grommets,$ 12.99,0759482008,ladies_accessories_belts,Black,H&M
Wool-blend Scarf,$ 17.99,0904769001,,Black,H&M
Rhinestone Hair Clip,$ 5.99,0947688002,ladies_accessories_hairaccessories,Black,H&M
Satin Brazilian Briefs,$ 9.99,0896726003,ladies_lingerie_briefsknickers_brazilian,Black/leopard print,H&M
2-pack Sparkly Hair Clips,$ 12.99,0951726001,ladies_accessories,Silver-colored,H&M
2-pack Modal Brazilian Briefs,$ 12.99,0928209003,ladies_lingerie_briefsknickers_brazilian,Dark khaki green,H&M
2-pack Rhinestone Hairpins,$ 9.99,0951734001,,Gold-colored/2021,H&M
2-pack Velour Scrunchies,$ 5.99,0947668001,ladies_accessories_hairaccessories,Red/Santa,H&M
H&M+ Chiffon Dress,$ 29.99,0910096004,ladies_dresses_aline,Light beige/pink floral,H&M
Ribbed Top,$ 19.99,0927949003,ladies_tops_longsleeve,Black,H&M
Shaping Low Jeans,$ 49.99,0909542001,ladies_jeans_skinny,Black,H&M
Belted Swimsuit High leg,$ 34.99,0862067001,,Dark blue,H&M
Padded Bikini Top,$ 17.99,0865594001,,Dark blue,H&M
Bikini Bottoms,$ 14.99,0865595001,ladies_swimwear_bikinisets_bottoms,Dark blue,H&M
Large Scrunchie,$ 5.99,0926482003,ladies_accessories_hairaccessories,Silver-colored,H&M
Pendant Scrunchie,$ 17.99,0951692001,ladies_accessories_hairaccessories,Black,H&M
Oversized Cardigan,$ 49.99,0932119002,ladies_cardigansjumpers_cardigans,Light purple,H&M
