keyword,number_occur
Brown,86
Product,73
Collar,29
Sleeve,49
Textile,85
White,68
Style,33
Fashion,45
Pattern,58
Black,32
Bag,19
Photograph,5
Fashion accessory,18
Shoulder bag,15
Pink,2
Magenta,4
Purple,5
Lavender,5
Satin,1
Silk,2
Velvet,1
One-piece garment,16
Day dress,13
Eye glass accessory,10
Tan,57
Beige,68
Natural material,29
Fashion design,20
Strap,7
Synthetic rubber,4
Basic pump,6
Foot,4
Blazer,6
Fur,3
Costume accessory,9
Jewellery,12
Ring,6
Amber,14
Pre-engagement ring,2
Metal,18
Engagement ring,2
Body jewelry,11
Shoulder,6
Joint,5
Undergarment,9
Grey,18
Luggage and bags,10
Ivory,5
Clothing,24
Blue,19
Denim,13
Jeans,9
Pocket,17
Still life photography,6
Sandal,7
Red,10
Dress,15
Formal wear,11
Maroon,12
Home accessories,8
Basket,2
Wicker,5
Storage basket,1
Laundry basket,1
Coat,16
Khaki,24
Outerwear,17
Standing,7
Footwear,6
Shoe,9
Boot,8
Leather,30
Trousers,10
Diamond,1
Costume design,6
Design,2
Liver,14
Armrest,1
Outdoor sofa,1
Outdoor furniture,1
Futon pad,1
Silver,17
Dress shoe,4
Carmine,8
Creative arts,4
Linens,4
Rectangle,10
Christmas tree,1
Craft,3
High heels,4
Mannequin,1
Earrings,4
Gemstone,4
Dress shirt,10
Musical instrument accessory,8
Fawn,5
Aqua,11
Azure,6
Coin,1
Currency,1
Money,1
Brass,2
Bronze,2
Sleeveless shirt,3
Slingback,2
Bridal shoe,1
Wrap,1
Stole,1
Costume,2
Shawl,1
Violet,4
Neck,5
Green,3
Teal,10
Knee-high boot,4
Tights,1
Cushion,4
Throw pillow,2
Pillow,2
Wedge,3
Beauty,1
Oxford shoe,1
Orange,7
Colorfulness,1
Turquoise,7
Paper product,2
Cardboard,2
Baby & toddler clothing,1
Electric blue,8
Necklace,3
Chain,3
Material property,4
Sportswear,1
Text,1
T-shirt,1
Font,3
Black-and-white,5
Monochrome photography,1
Wallet,3
Square,5
Clothes hanger,5
Pendant,2
Baggage,2
Light,4
Balance,2
Cobalt blue,1
Circle,5
Crown,1
Yellow,10
Monochrome,3
Line art,1
Heart,1
Drawing,3
Sketch,1
Sweater,5
Brassiere,2
Lingerie top,1
Dancing shoe,1
Court shoe,1
Ballet flat,1
Leaf,1
Feather,1
Wing,1
Glass,2
Cylinder,1
Transparent material,1
Aluminium,4
Barware,1
Woolen,3
Flip-flops,1
Handle,1
Leg,2
Human leg,2
Waist,4
Knee,1
Eyewear,5
Glasses,4
Vision care,5
Personal protective equipment,5
Sunglasses,4
Goggles,3
Reflection,3
Line,8
Coquelicot,4
Headgear,4
Costume hat,3
Fedora,1
Vest,2
Sneakers,3
Logo,2
Thigh,1
Riding boot,2
Motorcycle boot,1
Hat,1
Serveware,1
Nickel,2
Steel,4
Wood,1
Hardwood,1
Wood stain,1
Plywood,1
Document,1
Mat,2
Knitting,1
Active pants,3
Suit trousers,1
Wedding ceremony supply,1
Bangle,1
Laptop accessory,1
Bicycle part,3
Bicycle saddle,2
Guitar accessory,2
Office instrument,2
Shadow,1
Stationery,1
Visual arts,4
Peach,4
Illustration,2
Fashion illustration,1
Painting,3
Hobo bag,2
Handbag,1
Mineral,1
Plastic,1
Cleanliness,1
Mesh,1
Composite material,1
Plaid,2
Tartan,2
Food,1
Produce,1
Ingredient,1
Natural foods,1
Whole food,1
Fruit,1
Banana family,1
Vegan nutrition,1
Banana,1
Bicycle accessory,1
Hand tool,1
Household supply,1
Tool,2
Bicycle handlebar,1
Pet supply,1
Walking shoe,1
Brand,2
Work boots,1
Steel-toe boot,1
Fur clothing,1
Jacket,2
Animal product,1
Macro photography,1
Oval,1
Gold,1
Zipper,2
Office equipment,1
Coin purse,2
Uniform,3
Iron,1
Dog breed,1
Carnivore,1
Dog,1
Working animal,1
Embellishment,1
Button,2
Paper,1
Bonnet,1
Skort,1
Active shorts,1
Book,1
Bedding,1
Symbol,2
Emblem,1
Badge,1
Crest,1
Label,1
Leggings,1
Pajamas,1
Active shirt,2
Kitchen utensil,1
Cutlery,1
Light fixture,1
Bone,1
Wrist,1
Webbing,1
Messenger bag,1
Fiber,1
Baked goods,1
Slipper,1
Finger food,1
Triangle,1
Art,1
Motif,1
Tints and shades,1
Lingerie,1
Swimsuit bottom,1
Briefs,1
Buckle,1
